,T,TM,Tm,SLP,H,PP,VV,V,VM,PM2.5,year
1,7.4,9.8,4.8,1017.6,93.0,0.0,0.5,4.3,9.4,239.69546508789062,2013
2,7.8,12.7,4.4,1018.5,87.0,0.0,0.6,4.4,11.1,182.1875,2013
6,6.7,13.4,2.4,1019.4,82.0,0.0,0.6,4.8,11.1,223.2083282470703,2013
7,8.6,15.5,3.3,1018.7,72.0,0.0,0.8,8.1,20.6,200.6458282470703,2013
8,12.4,20.9,4.4,1017.3,61.0,0.0,1.3,8.7,22.2,154.875,2013
12,16.0,25.2,10.0,1013.2,79.0,0.0,0.6,4.8,11.1,334.3411865234375,2013
13,13.4,21.0,9.2,1015.1,87.0,0.0,0.5,1.5,7.6,276.9083251953125,2013
14,14.3,22.6,6.6,1016.3,76.0,0.0,0.8,0.4,3.5,267.9818115234375,2013
18,12.7,18.9,7.3,1021.2,76.0,0.0,1.8,6.1,16.5,107.625,2013
19,11.9,18.9,6.3,1020.1,76.0,0.0,1.1,8.3,20.6,125.89167022705078,2013
20,12.2,19.9,6.2,1021.0,69.0,0.0,2.1,4.4,18.3,179.30833435058594,2013
24,13.4,21.1,5.6,1020.0,60.0,0.0,1.9,8.0,22.2,152.55416870117188,2013
25,12.3,21.4,6.4,1019.6,70.0,0.0,1.9,6.7,14.8,152.3208465576172,2013
26,13.7,22.0,7.0,1018.2,63.0,0.0,1.8,7.2,18.3,171.4291534423828,2013
30,14.9,21.9,7.1,1018.3,73.0,0.0,0.6,2.0,7.6,332.7083435058594,2013
31,15.0,24.0,7.6,1017.4,81.0,0.0,0.6,2.2,7.6,279.60000610351557,2013
32,16.3,24.0,12.0,1017.2,80.0,0.0,0.8,1.3,9.4,179.1166534423828,2013
33,18.7,26.3,9.5,1015.3,64.0,0.0,1.6,1.7,7.6,166.3000030517578,2013
37,14.6,21.6,9.4,1018.4,72.0,0.0,2.7,9.4,18.3,93.375,2013
38,14.7,21.7,8.4,1017.1,71.0,0.0,1.8,10.9,22.2,103.0,2013
39,14.8,22.6,8.5,1016.8,67.0,0.0,2.1,9.3,18.3,211.125,2013
43,17.4,25.4,10.3,1015.8,63.0,0.0,1.9,6.7,14.8,127.70833587646484,2013
44,18.1,26.7,10.2,1013.8,61.0,0.0,2.6,5.0,11.1,145.77777099609375,2013
45,18.3,23.2,12.7,1011.2,75.0,0.0,1.9,10.0,22.2,90.33333587646484,2013
49,16.4,22.0,11.2,1015.5,81.0,0.0,1.6,5.9,18.3,67.125,2013
50,16.9,23.5,10.1,1016.8,80.0,0.0,1.3,5.2,22.2,46.70833206176758,2013
51,19.3,26.9,12.1,1015.6,74.0,0.0,1.6,5.9,11.1,69.66666412353516,2013
55,17.2,24.2,10.8,1018.3,74.0,0.0,2.6,4.6,14.8,36.35714340209961,2013
56,17.7,26.5,9.8,1015.3,73.0,0.0,1.4,4.8,14.8,2.5555555820465092,2013
57,20.4,28.4,15.2,1014.7,62.0,0.0,2.4,5.0,14.8,2.095238208770752,2013
59,18.2,26.1,12.2,1016.3,54.0,0.0,1.9,24.4,33.5,42.16666793823242,2013
60,19.0,26.8,11.7,1016.3,58.0,0.0,2.6,16.7,29.4,112.08333587646484,2013
61,18.7,27.8,13.3,1016.2,69.0,0.0,2.4,7.4,25.9,105.83333587646484,2013
65,22.6,30.6,15.7,1015.4,62.0,0.0,2.6,8.1,20.6,159.0833282470703,2013
66,22.5,31.8,13.7,1014.6,57.0,0.0,2.3,5.9,14.8,147.9583282470703,2013
67,24.0,33.8,13.6,1009.7,53.0,0.0,1.9,4.6,18.3,111.95833587646484,2013
71,23.8,33.0,14.9,1010.4,64.0,0.0,1.9,3.9,11.1,90.04166412353516,2013
72,22.6,33.0,18.1,1013.1,67.0,0.0,2.1,11.3,22.2,73.04762268066406,2013
73,23.0,30.0,14.4,1016.1,55.0,0.0,2.7,6.7,14.8,98.70833587646484,2013
77,24.6,31.7,17.9,1008.5,68.0,0.0,2.3,14.1,27.8,92.21739196777344,2013
78,27.1,34.8,17.7,1009.7,52.0,0.0,1.6,6.1,11.1,77.66666412353516,2013
79,26.1,34.8,17.9,1008.8,54.0,0.51,2.6,11.9,18.3,52.33333206176758,2013
83,23.6,34.3,17.7,1010.4,51.0,0.0,2.6,15.9,22.2,70.0,2013
84,23.2,29.6,16.7,1008.6,54.0,0.0,1.9,13.1,22.2,46.41666793823242,2013
85,23.8,30.9,16.7,1009.0,52.0,0.0,1.6,6.5,13.0,33.09090805053711,2013
89,24.7,31.5,17.0,1008.6,57.0,0.0,2.1,7.6,14.8,89.0,2013
90,25.6,33.8,17.9,1008.7,47.0,0.0,2.1,4.4,13.0,81.83333587646484,2013
91,25.7,36.0,17.8,1009.0,50.0,6.1,1.8,9.3,14.8,105.33333587646484,2013
92,25.1,36.0,18.3,1009.5,56.0,0.0,2.7,9.1,18.3,117.75,2013
96,29.5,37.0,18.5,1005.2,30.0,0.0,1.9,10.6,22.2,84.5,2013
97,29.2,37.5,20.0,1006.1,38.0,0.0,2.6,5.9,14.8,46.91666793823242,2013
102,29.8,36.6,21.4,1007.8,37.0,0.0,1.9,8.1,18.3,110.875,2013
103,28.2,36.6,21.9,1007.1,45.0,2.03,1.9,6.5,16.5,147.2857208251953,2013
104,28.3,36.4,20.1,1004.0,47.0,0.0,1.9,6.3,14.8,49.4000015258789,2013
108,29.3,37.9,20.3,1002.9,35.0,0.0,2.3,4.4,11.1,127.86666870117188,2013
109,30.5,38.6,20.7,1003.4,36.0,0.0,1.9,7.6,14.8,77.0,2013
110,28.0,38.6,23.8,1007.3,48.0,0.0,2.3,15.6,25.9,94.75,2013
114,31.1,38.5,23.2,1007.7,45.0,0.0,1.9,3.7,7.6,101.75,2013
115,29.9,38.5,24.3,1008.3,53.0,0.0,1.9,6.7,22.2,117.95833587646484,2013
116,31.4,37.8,22.0,1006.9,38.0,0.0,2.3,13.7,22.2,147.8333282470703,2013
120,31.4,39.2,22.8,1002.9,24.0,0.0,1.9,11.5,25.9,96.25,2013
121,29.9,38.8,21.7,1000.8,29.0,0.0,1.9,12.0,24.1,76.25,2013
122,29.7,38.3,21.6,999.3,35.0,0.0,1.9,10.2,22.2,101.5,2013
126,32.8,40.8,25.3,1002.0,36.0,0.0,1.8,7.2,24.1,125.625,2013
127,34.1,42.0,23.7,1001.4,29.0,0.0,1.9,9.3,18.3,137.16667175292972,2013
128,34.1,42.0,26.8,1000.8,32.0,0.0,1.9,7.8,14.8,101.95833587646484,2013
132,30.9,37.6,23.2,1003.7,44.0,0.0,1.9,3.5,11.1,89.54166412353516,2013
133,32.9,39.8,24.7,1001.0,38.0,0.0,1.9,5.6,13.0,87.25,2013
134,30.6,37.4,24.8,1000.8,47.0,0.0,1.9,2.2,7.6,107.625,2013
138,36.2,44.6,25.9,999.2,29.0,0.0,1.9,15.0,27.8,97.625,2013
139,36.2,44.6,29.2,999.1,32.0,0.0,1.9,10.6,18.3,80.3043441772461,2013
140,36.8,45.1,28.0,999.1,26.0,0.0,1.9,12.0,25.9,72.25,2013
144,37.7,45.0,30.5,998.1,32.0,0.0,1.9,10.0,22.2,67.08333587646484,2013
145,36.2,43.6,29.3,998.4,32.0,0.0,2.3,8.1,20.6,80.04166412353516,2013
146,35.6,42.6,30.2,999.3,41.0,0.0,1.9,8.1,20.6,74.16666412353516,2013
150,33.6,40.6,24.8,998.8,47.0,0.0,1.9,10.6,18.3,75.125,2013
151,31.9,40.6,26.7,1002.0,61.0,0.0,1.9,13.5,20.6,37.16666793823242,2013
152,32.4,38.5,26.6,1001.0,63.0,0.0,2.3,13.3,22.2,57.375,2013
153,34.1,40.3,28.8,999.7,59.0,0.0,1.9,10.9,16.5,56.29166793823242,2013
157,34.1,43.2,25.7,997.9,57.0,14.99,1.9,7.4,14.8,42.54166793823242,2013
158,34.2,39.8,29.1,996.7,64.0,0.0,1.9,13.7,18.3,93.08333587646484,2013
159,35.1,40.2,30.2,995.2,52.0,0.0,1.9,8.5,14.8,80.625,2013
163,30.3,39.2,28.8,998.6,75.0,0.0,1.9,10.2,22.2,87.75,2013
164,30.4,38.6,27.8,997.7,73.0,11.94,1.9,8.0,22.2,66.26087188720703,2013
165,29.8,38.6,24.6,997.9,71.0,6.1,2.3,12.6,16.5,50.70833206176758,2013
169,29.7,35.5,24.8,999.0,76.0,5.08,1.9,4.3,14.8,52.16666793823242,2013
170,33.0,38.4,25.3,997.6,58.0,0.0,1.8,4.8,13.0,49.58333206176758,2013
171,35.6,41.0,27.3,995.5,49.0,0.0,1.9,7.4,18.3,64.56521606445311,2013
175,31.0,39.4,27.8,999.2,74.0,0.0,1.9,11.5,18.3,33.08333206176758,2013
176,31.2,35.7,27.2,998.4,75.0,0.0,1.9,6.3,14.8,51.26086807250977,2013
177,31.2,37.1,27.6,996.8,71.0,2.03,1.9,8.1,20.6,43.66666793823242,2013
181,33.9,39.2,27.8,995.2,62.0,0.0,1.9,8.9,14.8,39.25,2013
183,31.6,37.6,26.9,997.5,76.0,2.03,1.9,6.5,11.1,37.625,2013
187,31.1,35.0,27.9,1000.1,81.0,0.0,1.9,7.2,11.1,65.75,2013
188,30.3,35.8,27.2,997.5,78.0,0.0,1.9,7.6,14.8,38.58333206176758,2013
189,29.2,35.4,24.6,996.4,81.0,2.03,1.8,7.4,14.8,36.0,2013
193,31.8,36.7,25.8,998.8,75.0,21.08,1.9,8.3,14.8,45.58333206176758,2013
194,31.1,37.2,28.2,997.5,76.0,0.0,1.9,3.9,11.1,33.16666793823242,2013
195,31.7,37.2,26.8,998.3,78.0,4.06,1.9,7.8,11.1,38.25,2013
199,30.9,35.4,25.8,995.0,77.0,7.11,1.9,10.4,18.3,35.375,2013
200,26.8,35.4,24.2,999.0,93.0,0.0,1.1,6.3,14.8,15.416666984558105,2013
201,29.1,33.8,23.9,996.3,86.0,122.94,1.4,2.6,55.4,41.375,2013
205,28.5,34.4,26.3,995.5,87.0,19.05,1.6,7.0,14.8,39.33333206176758,2013
206,30.4,35.1,24.8,995.2,77.0,8.89,1.9,5.2,14.8,41.83333206176758,2013
207,30.0,35.5,26.2,997.5,83.0,2.03,1.9,3.7,11.1,50.33333206176758,2013
211,29.0,33.7,26.9,996.5,82.0,0.0,1.9,9.8,14.8,33.29166793823242,2013
212,31.1,34.9,25.9,998.2,76.0,0.0,1.9,6.7,11.1,35.5,2013
213,31.8,36.0,27.5,999.6,71.0,0.0,1.9,11.7,18.3,35.29166793823242,2013
214,32.2,36.1,27.4,1000.8,69.0,0.0,1.9,9.3,14.8,26.83333396911621,2013
218,28.4,30.6,25.3,1001.8,88.0,0.51,1.4,3.1,7.6,34.875,2013
219,28.1,30.8,25.8,1000.6,88.0,16.0,1.9,8.0,18.3,35.70833206176758,2013
220,27.4,30.8,25.4,1000.8,90.0,2.03,1.9,3.1,9.4,43.58333206176758,2013
224,30.1,34.6,27.2,1000.0,79.0,0.0,1.9,10.2,18.3,58.54166793823242,2013
225,29.7,34.9,26.1,1000.3,79.0,0.0,1.9,8.3,18.3,82.875,2013
226,27.7,30.7,24.8,1001.8,88.0,8.89,1.9,7.2,14.8,64.91666412353516,2013
230,28.4,33.1,26.0,1000.0,86.0,0.25,1.9,5.0,18.3,45.25,2013
231,27.4,33.5,24.4,999.1,90.0,12.95,1.1,5.4,18.3,34.41666793823242,2013
232,29.2,34.4,24.8,999.0,81.0,95.0,2.1,7.8,29.4,33.16666793823242,2013
236,30.4,36.5,27.8,999.3,82.0,12.95,1.4,2.0,7.6,34.20833206176758,2013
237,32.1,36.7,26.8,998.1,74.0,0.0,1.9,6.5,14.8,31.0,2013
238,32.0,35.5,27.6,999.8,65.0,0.0,2.6,16.9,29.4,78.5,2013
242,29.1,34.2,25.9,1003.4,76.0,0.0,1.9,5.6,9.4,65.625,2013
243,30.2,35.6,25.6,1003.6,68.0,0.0,3.1,14.8,22.2,53.375,2013
244,31.7,35.9,27.0,1003.6,59.0,0.0,2.6,14.4,22.2,56.08333206176758,2013
245,31.6,36.3,25.9,1002.7,58.0,0.0,2.7,15.4,25.9,69.70833587646484,2013
249,30.9,35.6,25.0,1004.8,58.0,0.0,2.3,6.9,14.8,50.125,2013
250,29.6,34.2,25.8,1007.3,67.0,0.0,1.9,6.3,14.8,46.54166793823242,2013
251,29.3,35.0,24.1,1007.6,70.0,3.05,1.9,4.3,11.1,43.95833206176758,2013
255,30.6,36.0,25.8,1007.2,74.0,0.0,1.6,2.8,7.6,76.91666412353516,2013
256,31.2,36.4,25.8,1004.4,69.0,0.0,1.9,2.0,7.6,35.956520080566406,2013
257,31.6,36.8,25.9,1001.5,63.0,0.0,2.4,3.9,11.1,31.65217399597168,2013
261,29.9,36.2,23.4,1002.5,66.0,0.0,1.9,1.9,7.6,62.70833206176758,2013
262,28.7,34.1,25.2,1002.9,76.0,0.0,1.9,9.6,51.9,65.08333587646484,2013
263,26.3,34.1,24.0,1003.4,87.0,0.0,1.9,6.1,11.1,61.70833206176758,2013
267,28.6,35.6,25.3,1005.4,79.0,32.0,2.6,5.7,13.0,40.95833206176758,2013
268,28.6,34.5,24.0,1006.7,81.0,0.0,1.9,3.9,9.4,60.66666793823242,2013
269,29.0,34.2,24.3,1005.8,76.0,0.0,1.9,7.4,20.6,80.04166412353516,2013
273,29.1,34.0,23.8,1007.8,72.0,4.06,1.9,6.5,13.0,149.6666717529297,2013
274,28.9,34.9,25.6,1009.5,68.0,0.0,2.6,7.6,13.0,145.5833282470703,2013
275,27.9,33.7,23.2,1008.4,67.0,0.0,2.6,10.0,14.8,126.16666412353516,2013
279,29.4,34.5,24.3,1009.1,73.0,0.0,1.8,1.3,3.5,168.625,2013
280,30.1,34.5,24.8,1010.0,72.0,0.0,1.8,1.5,7.6,174.6666717529297,2013
281,30.1,35.6,24.8,1010.5,72.0,0.0,2.1,4.6,11.1,245.6666717529297,2013
285,27.4,33.1,22.8,1008.0,85.0,0.0,1.6,0.4,3.5,291.7083435058594,2013
286,27.5,32.5,23.0,1007.1,80.0,1.02,1.8,6.1,18.3,207.3333282470703,2013
287,26.6,32.6,21.1,1008.8,76.0,0.0,1.6,3.3,11.1,149.625,2013
291,25.6,33.2,19.5,1011.5,67.0,0.0,1.4,3.7,14.8,250.375,2013
292,25.0,32.8,17.6,1010.8,69.0,0.0,1.4,1.1,5.4,429.1666564941406,2013
293,24.8,32.3,17.3,1009.7,68.0,0.0,1.4,1.5,7.6,332.4583435058594,2013
297,24.1,30.0,17.5,1011.2,74.0,0.0,1.0,1.5,9.4,235.3333282470703,2013
298,24.3,31.4,18.5,1011.2,72.0,0.0,1.1,0.4,3.5,153.2916717529297,2013
299,23.0,31.0,18.0,1010.6,71.0,0.0,0.8,2.6,9.4,171.5416717529297,2013
303,24.1,30.1,16.7,1014.0,62.0,0.0,1.4,3.3,11.1,210.5416717529297,2013
304,23.8,30.5,18.4,1013.5,71.0,0.0,1.6,1.3,3.5,251.2083282470703,2013
305,22.4,28.6,16.3,1014.6,67.0,0.51,1.0,5.4,11.1,172.8333282470703,2013
306,20.9,28.1,13.6,1016.0,59.0,0.0,0.8,6.3,18.3,166.7083282470703,2013
310,20.1,27.1,14.0,1015.5,78.0,0.0,0.6,3.9,11.1,274.875,2013
311,18.9,27.1,14.5,1015.2,80.0,0.0,0.6,1.3,7.6,207.9166717529297,2013
312,19.1,25.6,12.4,1016.6,79.0,0.0,0.8,0.4,3.5,134.45832824707028,2013
316,17.8,26.2,11.0,1014.3,68.0,0.0,1.0,3.0,11.1,184.2083282470703,2013
317,17.6,25.6,11.2,1015.2,68.0,0.0,1.1,3.5,14.8,130.91667175292972,2013
318,17.0,26.6,10.0,1016.5,70.0,0.0,1.1,0.9,7.6,118.91666412353516,2013
322,17.8,26.9,11.4,1015.4,67.0,0.0,1.4,7.2,20.6,151.0416717529297,2013
323,18.2,28.1,10.4,1012.6,61.0,0.0,1.8,2.6,11.1,170.875,2013
324,18.0,28.5,10.2,1013.2,68.0,0.0,1.1,2.0,11.1,239.125,2013
328,21.1,28.8,13.8,1012.8,57.0,0.0,1.6,9.4,22.2,179.3333282470703,2013
329,21.3,28.8,15.0,1011.9,58.0,0.0,1.9,9.6,16.5,122.54166412353516,2013
330,19.0,28.8,12.5,1014.7,72.0,0.0,1.6,2.8,9.4,121.33333587646484,2013
334,18.1,28.0,10.0,1016.1,66.0,0.0,1.4,1.7,7.6,455.5833435058594,2013
335,17.2,28.4,9.8,1015.8,73.0,0.0,1.1,1.9,11.1,382.7083435058594,2013
336,17.4,28.4,9.2,1016.6,74.0,0.0,1.1,1.5,11.1,277.70834350585943,2013
340,16.0,26.1,9.1,1014.4,81.0,0.0,1.0,1.1,5.4,175.75,2013
342,16.2,25.3,9.5,1013.4,81.0,0.0,0.8,2.2,14.8,166.9166717529297,2013
346,16.5,24.5,10.8,1012.2,74.0,0.0,1.6,10.2,22.2,248.9090881347656,2013
347,15.4,24.9,8.2,1012.8,82.0,0.0,1.0,0.7,3.5,210.6875,2013
348,15.5,24.9,9.4,1015.1,88.0,0.0,0.6,2.6,7.6,108.08333587646484,2013
365,13.2,18.2,9.2,1021.0,92.0,0.0,0.8,7.6,11.1,255.875,2014
366,11.1,18.3,5.0,1020.2,80.0,0.0,1.1,8.0,14.8,226.5217437744141,2014
367,12.7,19.8,5.2,1017.9,78.0,0.0,1.3,5.4,14.8,239.13043212890625,2014
372,11.9,20.7,4.4,1017.9,78.0,0.0,0.8,1.9,7.6,264.91665649414057,2014
373,11.7,20.7,6.5,1017.3,89.0,0.0,0.3,0.9,7.6,422.0869445800781,2014
377,13.9,21.6,7.0,1019.6,74.0,0.0,0.8,1.1,9.4,323.1428527832031,2014
378,14.9,22.1,8.9,1017.2,78.0,0.0,1.0,2.8,7.6,263.60000610351557,2014
379,12.0,22.1,9.6,1019.7,95.0,0.0,0.3,0.4,3.5,376.9166564941406,2014
383,14.5,21.0,8.6,1023.2,88.0,0.0,1.3,3.5,7.6,114.33333587646484,2014
384,14.6,22.3,9.0,1021.2,86.0,0.0,1.0,4.4,9.4,154.56521606445312,2014
385,13.4,22.3,11.5,1020.6,98.0,5.08,1.4,6.9,13.0,184.875,2014
389,11.7,18.2,9.4,1019.9,96.0,0.0,0.5,8.3,11.1,202.9583282470703,2014
390,14.3,20.3,9.9,1019.1,88.0,0.0,0.6,8.9,14.8,308.875,2014
391,16.6,24.0,10.1,1018.8,75.0,0.0,1.3,10.0,14.8,323.875,2014
395,14.8,21.1,10.0,1019.3,86.0,0.0,0.5,3.0,11.1,209.6521759033203,2014
396,13.9,21.1,10.8,1019.8,83.0,0.0,0.8,2.6,7.6,187.1666717529297,2014
397,15.3,24.4,6.8,1016.9,79.0,0.0,0.6,1.9,7.6,187.7916717529297,2014
398,18.6,27.8,8.9,1014.4,65.0,0.0,1.3,5.6,57.6,167.7916717529297,2014
402,19.7,26.4,15.1,1009.3,72.0,0.0,1.6,15.0,29.4,126.0,2014
403,13.8,26.4,9.6,1011.3,88.0,0.0,1.0,8.1,14.8,163.9166717529297,2014
404,12.7,19.5,7.0,1012.0,66.0,0.0,1.4,9.3,25.9,152.875,2014
408,15.3,22.6,5.6,1013.6,67.0,0.0,1.6,4.8,11.1,194.9166717529297,2014
409,13.1,22.6,11.0,1011.8,97.0,23.11,1.1,5.4,11.1,130.66667175292972,2014
410,12.6,17.7,9.2,1012.6,91.0,16.0,0.6,3.9,7.6,152.375,2014
414,15.1,23.3,7.1,1016.7,77.0,0.0,0.8,1.9,7.6,172.0,2014
415,16.1,24.5,8.2,1014.8,80.0,0.0,0.6,1.9,9.4,184.875,2014
416,17.2,24.6,9.0,1014.2,75.0,0.0,1.4,8.9,14.8,152.6666717529297,2014
420,17.9,25.2,10.3,1017.4,70.0,0.0,1.1,0.9,7.6,68.91666412353516,2014
421,18.9,26.2,12.5,1014.4,72.0,0.0,1.3,2.4,9.4,123.125,2014
422,18.6,25.3,13.0,1013.3,80.0,0.25,1.1,7.2,22.2,120.91666412353516,2014
424,16.3,21.3,12.0,1015.1,90.0,9.91,1.1,4.3,13.0,119.41666412353516,2014
425,16.1,21.8,10.0,1017.1,82.0,0.0,1.3,5.7,11.1,110.75,2014
426,17.8,25.7,10.5,1016.3,67.0,0.0,2.1,3.7,11.1,94.29166412353516,2014
430,18.4,25.9,11.0,1017.0,65.0,0.0,2.3,6.7,14.8,39.29166793823242,2014
431,19.8,27.1,12.8,1017.2,66.0,0.0,2.6,9.8,24.1,44.91666793823242,2014
432,22.3,29.0,14.0,1014.6,61.0,0.0,2.3,5.0,13.0,57.1363639831543,2014
436,18.9,27.1,12.8,1016.1,65.0,0.0,2.6,9.8,18.3,163.0,2014
437,19.7,27.6,12.0,1015.2,66.0,0.0,1.9,5.7,13.0,162.0833282470703,2014
438,21.4,29.7,12.6,1016.4,65.0,0.0,1.4,2.8,9.4,63.45833206176758,2014
442,21.7,28.4,16.2,1013.1,61.0,0.0,2.3,10.2,22.2,103.08333587646484,2014
443,21.5,29.2,15.0,1010.8,59.0,0.0,2.6,7.4,18.3,208.8333282470703,2014
444,22.4,32.5,14.5,1007.2,68.0,0.0,2.1,5.4,11.1,74.66666412353516,2014
448,24.6,32.7,16.5,1010.6,64.0,0.0,1.8,2.8,11.1,140.84210205078125,2014
449,25.2,32.7,19.1,1010.7,64.0,0.0,1.9,2.8,11.1,98.58333587646484,2014
450,23.4,29.1,19.6,1011.7,69.0,2.03,1.9,4.8,9.4,60.41666793823242,2014
454,24.2,30.8,17.0,1008.2,48.0,0.0,1.9,13.1,22.2,89.875,2014
455,24.9,33.2,16.8,1006.2,49.0,0.0,2.6,9.6,25.9,71.95833587646484,2014
456,26.8,35.2,17.7,1005.7,50.0,0.25,1.9,7.2,14.8,76.41666412353516,2014
457,25.1,35.2,18.0,1010.4,53.0,0.0,2.1,10.4,25.9,113.375,2014
461,27.2,38.0,21.0,1009.7,55.0,0.0,1.9,13.0,18.3,65.45833587646484,2014
462,25.8,32.2,19.5,1010.3,49.0,0.0,2.6,12.6,18.3,77.75,2014
463,25.7,32.8,17.5,1010.3,41.0,0.0,2.6,12.8,25.9,114.45833587646484,2014
467,27.0,37.2,22.6,1009.8,49.0,0.0,1.9,15.6,27.8,97.875,2014
468,27.7,34.5,21.5,1010.6,55.0,0.76,1.9,5.2,13.0,77.33333587646484,2014
469,29.1,36.5,20.5,1009.2,53.0,0.0,1.8,2.6,11.1,48.33333206176758,2014
473,25.6,32.3,20.0,1011.4,64.0,0.0,1.9,5.0,14.8,61.875,2014
474,26.8,33.6,19.2,1010.5,53.0,0.0,1.6,4.6,11.1,82.125,2014
475,28.1,35.8,18.6,1010.0,40.0,0.0,1.9,8.7,16.5,139.91667175292972,2014
479,30.5,38.8,20.6,1006.0,41.0,0.0,2.4,8.1,22.2,105.75,2014
480,31.5,38.8,22.1,1006.2,39.0,0.0,2.4,8.1,16.5,119.16666412353516,2014
481,30.6,38.7,21.5,1007.0,36.0,0.0,1.9,8.3,18.3,121.45833587646484,2014
485,34.8,42.8,24.2,1001.7,30.0,0.0,2.3,9.6,18.3,79.29166412353516,2014
486,34.5,41.7,26.2,1001.8,33.0,0.0,1.9,6.5,11.1,81.875,2014
487,31.8,41.7,26.2,1003.7,43.0,0.0,1.9,7.4,18.3,73.20833587646484,2014
491,31.8,38.6,24.2,1004.3,54.0,0.0,1.9,1.9,7.6,117.375,2014
492,32.2,39.5,25.2,1002.1,45.0,0.0,1.6,9.3,16.5,86.83333587646484,2014
493,30.7,39.5,21.4,1000.5,43.0,6.1,1.6,6.5,14.8,88.625,2014
497,25.2,30.6,18.0,1008.2,71.0,9.91,2.6,10.0,20.6,87.08333587646484,2014
498,26.9,32.1,19.0,1006.6,62.0,4.06,1.8,8.5,18.3,107.91666412353516,2014
499,29.7,35.4,23.0,1004.1,48.0,0.0,1.8,11.1,16.5,76.625,2014
503,32.3,39.1,24.0,1006.6,36.0,0.0,2.3,11.7,24.1,86.91666412353516,2014
504,31.9,38.8,26.5,1006.0,39.0,0.0,2.3,8.7,22.2,65.16666412353516,2014
505,32.8,38.6,24.8,1002.3,40.0,0.0,1.9,9.6,18.3,44.29166793823242,2014
509,32.4,40.6,23.2,1005.2,45.0,8.89,2.7,8.9,14.8,119.70833587646484,2014
510,30.0,36.4,21.4,1007.2,60.0,12.95,2.6,4.1,14.8,124.25,2014
511,31.8,38.8,24.0,1004.8,54.0,0.0,1.9,2.6,7.6,143.0416717529297,2014
515,34.6,42.8,25.0,999.6,46.0,0.0,1.8,6.3,18.3,60.0,2014
516,32.9,41.6,25.6,1003.0,44.0,0.51,2.9,17.4,55.4,87.08333587646484,2014
517,32.8,39.9,25.0,1003.3,48.0,0.0,2.6,4.6,14.8,84.04166412353516,2014
518,34.8,41.7,26.5,1000.0,40.0,0.0,2.6,6.5,14.8,97.76190185546876,2014
522,38.5,44.9,30.8,994.0,31.0,0.0,1.9,13.1,29.4,84.20833587646484,2014
523,37.8,45.1,28.6,993.3,34.0,0.0,1.9,6.7,18.3,83.375,2014
524,37.9,45.5,30.1,993.1,38.0,0.0,1.9,5.9,16.5,55.95833206176758,2014
528,30.3,41.1,22.7,997.7,62.0,0.76,2.6,16.7,29.4,63.3636360168457,2014
529,30.5,37.1,25.5,997.3,73.0,3.05,2.6,6.5,22.2,52.13043594360352,2014
530,33.9,40.6,28.0,997.0,59.0,0.0,2.1,8.1,25.9,152.5625,2014
534,35.6,41.4,28.4,993.2,55.0,4.06,1.9,10.9,18.3,73.0,2014
535,37.9,43.0,31.0,991.5,44.0,0.0,2.3,17.8,25.9,58.625,2014
536,36.9,41.7,32.7,994.0,49.0,0.0,1.9,9.8,24.1,61.5,2014
540,33.3,39.0,25.3,997.7,56.0,0.0,1.9,9.8,16.5,71.29166412353516,2014
541,32.4,38.1,23.5,1000.8,66.0,25.91,1.9,3.3,7.6,74.375,2014
542,34.7,39.9,28.8,1001.5,55.0,0.25,1.9,9.4,22.2,197.84616088867188,2014
546,31.2,35.2,27.0,1000.9,71.0,0.0,1.9,6.3,11.1,104.5999984741211,2014
547,29.5,36.6,25.5,1000.9,76.0,0.0,1.8,5.7,14.8,148.05555725097656,2014
548,28.9,36.6,26.1,998.4,80.0,4.06,1.9,5.2,14.8,121.2272720336914,2014
552,34.0,38.8,26.8,998.1,55.0,1.02,1.9,5.6,14.8,65.19047546386719,2014
553,34.9,40.3,28.6,996.8,48.0,0.0,1.9,9.6,25.9,73.54545593261719,2014
554,35.9,40.5,29.6,996.3,46.0,0.0,1.9,13.7,27.8,151.6666717529297,2014
558,33.3,42.3,29.2,997.8,69.0,0.0,1.9,5.2,9.4,249.6842041015625,2014
559,32.4,40.2,25.9,997.2,74.0,25.91,1.9,6.7,14.8,275.57144165039057,2014
560,33.2,39.0,28.5,996.2,68.0,0.0,1.9,8.9,11.1,30.39130401611328,2014
564,29.8,33.6,25.4,995.1,76.0,0.0,1.9,6.3,18.3,198.1999969482422,2014
565,30.8,34.6,26.5,996.6,74.0,0.0,1.9,6.3,14.8,350.4444580078125,2014
566,32.1,35.8,27.2,996.1,71.0,0.0,1.9,4.6,9.4,107.75,2014
570,30.7,33.9,26.5,1000.8,70.0,0.0,1.9,10.0,14.8,42.54166793823242,2014
571,32.5,37.5,27.6,1001.9,67.0,0.0,1.9,7.2,18.3,35.79166793823242,2014
572,31.7,37.5,28.1,1002.1,71.0,0.0,1.9,2.4,33.5,43.45833206176758,2014
576,32.5,36.5,28.2,999.9,71.0,0.0,1.9,7.8,16.5,33.70833206176758,2014
577,33.3,37.7,28.1,998.0,66.0,0.0,1.9,6.5,9.4,31.875,2014
578,30.3,35.3,28.4,996.9,81.0,38.1,1.9,0.9,7.6,69.79166412353516,2014
579,31.4,36.6,27.0,995.3,72.0,0.0,1.9,5.7,13.0,62.91666793823242,2014
583,31.0,34.0,29.0,996.8,71.0,0.0,1.9,5.6,16.5,47.45833206176758,2014
584,30.9,35.0,27.6,998.4,73.0,0.51,1.9,5.9,14.8,48.91666793823242,2014
585,30.9,35.4,27.0,1000.3,75.0,0.0,1.9,4.8,16.5,49.5,2014
589,32.0,36.6,27.0,998.1,63.0,0.0,2.3,20.7,27.8,32.95833206176758,2014
590,30.5,36.2,25.4,997.3,65.0,0.0,2.3,18.5,29.4,31.5,2014
591,31.2,35.7,27.6,999.0,62.0,0.0,1.9,14.6,27.8,56.375,2014
595,33.0,37.0,27.0,1004.8,59.0,0.0,1.9,6.9,16.5,48.29166793823242,2014
596,33.3,38.4,28.0,1002.5,54.0,0.0,1.9,8.9,18.3,51.375,2014
597,32.6,38.4,28.0,1001.3,51.0,0.0,1.9,10.9,27.8,43.375,2014
601,33.7,39.1,27.5,1002.6,53.0,0.0,2.7,7.8,16.5,50.0,2014
602,34.1,39.4,29.0,1001.5,49.0,0.0,3.1,10.0,18.3,56.0625,2014
603,34.1,39.4,27.5,1001.1,53.0,0.0,2.9,8.0,20.6,60.0,2014
607,27.5,34.8,25.0,1001.0,89.0,2.03,1.9,4.3,16.5,25.34782600402832,2014
608,29.5,35.3,24.6,1001.1,71.0,36.07,2.3,10.9,48.2,25.29166603088379,2014
609,29.4,35.3,26.3,1001.7,76.0,0.0,2.6,10.4,20.6,26.761905670166016,2014
610,28.5,33.2,26.0,1001.3,82.0,2.03,1.9,15.0,25.9,47.04166793823242,2014
614,30.9,34.7,25.7,1003.5,73.0,0.0,1.9,1.3,5.4,44.41666793823242,2014
615,31.2,36.0,26.4,1003.3,72.0,0.0,1.9,3.5,13.0,66.45833587646484,2014
616,30.8,36.0,26.8,1002.5,76.0,0.0,1.9,1.9,11.1,62.91666793823242,2014
620,29.3,34.1,23.5,1004.1,73.0,0.0,1.8,4.3,11.1,57.20833206176758,2014
621,29.0,34.8,24.6,1004.3,71.0,0.0,1.9,6.7,14.8,50.33333206176758,2014
622,29.8,34.9,22.5,1004.2,68.0,0.0,2.6,6.7,18.3,50.41666793823242,2014
626,31.0,36.3,25.3,1003.5,62.0,0.0,3.1,4.3,14.8,42.875,2014
627,31.0,36.3,26.0,1002.8,61.0,0.0,2.3,4.4,11.1,41.20833206176758,2014
628,30.4,36.2,25.2,1003.6,61.0,0.0,2.6,5.6,14.8,44.21739196777344,2014
632,30.0,35.8,24.2,1007.7,58.0,0.0,2.6,9.6,18.3,41.875,2014
633,30.1,35.7,24.0,1008.1,57.0,0.0,2.4,5.7,16.5,44.41666793823242,2014
634,30.7,36.3,25.4,1009.2,54.0,0.0,3.1,8.9,16.5,49.5,2014
638,31.0,36.9,24.3,1010.1,54.0,0.0,3.1,3.1,11.1,51.79166793823242,2014
639,30.3,36.9,24.6,1009.1,58.0,0.0,2.6,2.8,9.4,72.81818389892578,2014
640,30.7,37.0,24.4,1008.1,57.0,0.0,2.7,2.0,14.8,119.875,2014
644,30.9,37.2,24.5,1008.3,65.0,0.0,1.6,1.1,5.4,100.625,2014
645,29.6,35.2,24.9,1009.9,59.0,0.0,1.9,3.0,20.6,151.0416717529297,2014
646,27.6,34.6,22.2,1010.0,56.0,0.0,2.3,3.3,11.1,156.25,2014
650,27.6,34.5,18.6,1009.8,66.0,0.0,1.8,8.7,14.8,239.9545440673828,2014
651,24.4,33.6,21.4,1011.0,75.0,2.03,1.9,5.4,14.8,252.0,2014
652,24.5,30.4,19.6,1014.8,73.0,0.0,2.1,3.1,7.6,252.625,2014
656,23.8,31.5,16.5,1012.5,61.0,0.0,1.4,4.3,11.1,207.0416717529297,2014
657,24.7,32.3,16.6,1013.3,60.0,0.0,1.8,4.4,14.8,230.25,2014
658,25.4,33.3,18.0,1014.5,60.0,0.0,1.4,2.0,5.4,232.3333282470703,2014
662,25.4,33.1,18.6,1012.3,71.0,0.0,1.0,0.9,3.5,206.75,2014
663,25.1,32.3,19.4,1014.9,69.0,0.0,1.4,2.0,9.4,235.5833282470703,2014
664,24.9,32.6,19.5,1013.7,67.0,0.0,1.4,1.9,9.4,199.875,2014
668,23.2,32.1,16.0,1013.7,62.0,0.0,1.0,3.7,11.1,226.4583282470703,2014
669,22.5,29.3,16.6,1014.0,57.0,0.0,1.3,5.4,11.1,222.125,2014
670,22.7,31.1,15.8,1014.5,54.0,0.0,1.4,7.2,20.6,317.0,2014
671,23.4,31.2,15.0,1013.4,58.0,0.0,1.1,4.1,14.8,268.8695678710937,2014
675,23.9,31.7,16.6,1012.9,69.0,0.0,1.0,2.4,11.1,175.0416717529297,2014
676,24.0,32.1,17.1,1014.6,69.0,0.0,1.3,1.7,9.4,189.6666717529297,2014
677,24.2,31.6,17.2,1015.3,62.0,0.0,1.1,4.3,11.1,220.6521759033203,2014
681,18.5,27.6,11.7,1016.6,56.0,0.0,1.3,3.3,11.1,198.4583282470703,2014
682,18.3,27.6,9.0,1016.4,48.0,0.0,1.3,7.4,22.2,156.7083282470703,2014
683,18.6,27.5,10.6,1014.8,51.0,0.0,1.3,2.8,11.1,135.58332824707028,2014
687,17.6,28.8,8.5,1016.6,59.0,0.0,1.3,1.1,9.4,260.06668090820307,2014
688,18.4,28.8,11.7,1014.9,58.0,0.0,1.4,3.7,9.4,70.0625,2014
689,17.2,27.8,9.8,1014.1,64.0,0.0,1.0,2.0,11.1,91.75,2014
693,16.4,26.6,8.0,1015.0,57.0,0.0,1.3,2.6,14.8,146.6666717529297,2014
694,17.4,26.7,9.0,1011.2,55.0,0.0,1.4,6.3,14.8,119.70833587646484,2014
699,20.1,30.0,11.4,1013.8,47.0,0.0,1.8,8.9,22.2,226.21739196777344,2014
700,20.1,29.0,13.8,1014.3,52.0,0.0,1.9,7.2,22.2,203.5833282470703,2014
701,20.3,28.1,14.0,1013.6,52.0,0.0,1.9,9.3,22.2,60.20000076293945,2014
705,17.2,27.4,10.5,1014.9,52.0,0.0,1.6,4.8,14.8,239.0416717529297,2014
706,17.1,26.3,10.2,1015.1,54.0,0.0,1.6,2.8,11.1,349.2916564941406,2014
711,15.8,22.3,10.4,1016.2,77.0,0.0,1.0,8.9,14.8,441.7916564941406,2014
712,15.0,20.8,13.2,1016.8,93.0,0.0,1.1,3.5,9.4,258.15789794921875,2014
713,14.2,20.0,10.4,1019.2,82.0,12.95,1.6,1.9,9.4,223.25,2014
717,11.7,17.6,7.4,1022.3,85.0,0.0,0.3,0.4,3.5,334.875,2014
730,14.9,21.6,8.8,1017.4,76.0,0.0,0.8,0.9,7.6,276.39999389648443,2015
731,14.7,21.6,10.2,1018.1,97.0,5.08,0.6,3.1,9.4,146.7916717529297,2015
732,15.0,16.8,13.6,1017.5,94.0,7.11,0.5,0.9,7.6,113.875,2015
736,9.8,17.6,6.4,1016.6,90.0,0.0,0.5,3.9,11.1,227.0,2015
737,10.1,14.5,7.2,1019.2,90.0,0.0,0.3,3.3,7.6,231.25,2015
738,10.5,16.3,6.8,1020.1,84.0,0.0,0.5,1.5,5.4,272.125,2015
742,12.3,18.3,4.0,1017.1,81.0,0.0,0.5,4.8,9.4,228.7916717529297,2015
743,12.1,18.3,9.0,1017.5,86.0,0.51,0.6,5.2,9.4,200.875,2015
744,12.3,19.0,5.8,1019.3,82.0,0.0,0.5,0.9,7.6,214.0416717529297,2015
748,13.9,21.6,9.4,1019.0,79.0,0.0,1.0,1.9,14.8,217.25,2015
749,13.4,20.7,9.8,1020.1,80.0,0.0,0.8,7.2,11.1,212.4583282470703,2015
754,13.1,18.3,8.5,1020.6,80.0,0.0,0.8,4.1,14.8,138.79167175292972,2015
755,13.7,18.3,11.6,1019.9,91.0,1.02,0.6,0.9,7.6,153.0833282470703,2015
756,13.3,18.4,9.8,1019.3,79.0,0.76,1.0,5.2,14.8,159.7083282470703,2015
760,13.8,21.5,7.2,1018.0,60.0,0.0,2.4,9.1,24.1,151.875,2015
761,15.1,24.0,6.7,1017.6,66.0,0.0,1.3,5.0,11.1,224.7916717529297,2015
762,17.3,23.8,10.4,1017.5,70.0,0.0,1.0,11.9,18.3,185.3478240966797,2015
763,16.7,23.8,13.0,1020.7,75.0,0.0,0.8,7.2,14.8,149.625,2015
767,15.7,25.6,7.4,1016.9,68.0,0.0,1.4,1.9,7.6,161.1666717529297,2015
768,16.7,25.6,9.3,1017.5,66.0,0.0,1.4,4.4,13.0,136.75,2015
769,16.9,25.5,10.5,1019.9,65.0,0.0,2.3,5.6,22.2,76.375,2015
773,17.2,25.5,9.3,1012.8,61.0,0.0,2.4,6.7,20.6,120.20833587646484,2015
774,19.3,28.6,10.6,1009.5,65.0,0.0,2.6,4.3,14.8,137.125,2015
775,18.9,28.6,11.2,1012.8,73.0,0.0,0.8,1.5,7.6,197.0833282470703,2015
779,22.9,29.3,17.0,1012.4,78.0,0.0,1.6,7.6,14.8,166.375,2015
780,22.8,29.3,18.0,1013.7,72.0,2.03,1.9,7.2,14.8,126.58333587646484,2015
781,21.9,29.1,15.2,1014.1,69.0,0.0,2.3,11.3,18.3,94.91666412353516,2015
785,23.2,28.6,18.4,1008.5,65.0,0.0,1.4,6.5,13.0,133.95832824707028,2015
786,20.0,27.6,14.5,1009.8,42.0,0.0,1.9,6.7,11.1,69.25,2015
787,19.2,27.6,11.1,1013.0,49.0,0.0,2.6,5.7,11.1,82.73912811279297,2015
789,17.3,19.0,15.2,1011.0,94.0,7.87,1.8,14.8,24.1,94.875,2015
790,17.4,22.1,14.6,1012.6,92.0,56.9,1.9,6.7,16.5,32.66666793823242,2015
791,16.1,22.1,12.8,1013.8,84.0,7.11,1.8,5.6,13.0,61.125,2015
795,18.6,27.3,12.5,1014.0,79.0,7.87,2.6,3.9,13.0,49.58333206176758,2015
796,19.4,27.6,14.0,1015.2,79.0,0.51,2.3,7.8,18.3,34.91666793823242,2015
797,18.1,24.1,13.3,1021.1,60.0,0.0,2.7,12.2,20.6,47.5,2015
801,21.3,28.3,14.2,1014.7,70.0,0.0,1.6,4.1,9.4,128.83332824707028,2015
802,21.6,27.3,15.8,1015.3,71.0,0.0,2.6,7.8,20.6,56.33333206176758,2015
803,17.7,27.3,16.0,1015.3,92.0,4.06,1.9,11.5,18.3,20.29166603088379,2015
807,21.1,28.3,14.0,1014.8,69.0,0.0,2.4,5.4,13.0,59.16666793823242,2015
808,22.5,30.2,14.5,1014.8,68.0,0.0,2.6,9.1,22.2,83.83333587646484,2015
809,24.9,31.7,15.8,1014.8,65.0,0.0,2.6,5.9,13.0,89.375,2015
813,26.8,35.1,18.5,1011.7,68.0,0.0,2.3,2.6,11.1,101.375,2015
814,28.6,36.5,20.3,1012.4,59.0,0.0,1.8,9.3,55.4,109.75,2015
815,27.7,35.6,20.4,1011.7,54.0,0.0,2.7,7.4,24.1,42.91666793823242,2015
819,25.1,30.8,19.0,1010.4,70.0,0.0,2.1,3.7,11.1,47.25,2015
820,26.4,32.5,20.3,1007.4,64.0,0.0,1.9,2.4,9.4,81.20833587646484,2015
822,24.4,34.7,19.0,1004.6,76.0,6.1,3.1,7.0,14.8,28.45833396911621,2015
826,23.9,31.4,19.2,1010.2,69.0,0.0,1.9,9.8,13.0,49.5,2015
827,25.2,32.2,18.2,1012.0,56.0,0.0,2.6,6.7,16.5,75.16666412353516,2015
828,25.8,32.5,18.6,1010.3,58.0,0.0,2.7,9.1,24.1,53.125,2015
832,24.9,32.2,19.0,1013.7,74.0,0.0,2.3,7.0,13.0,54.70833206176758,2015
833,26.4,32.5,20.0,1012.8,68.0,2.03,2.6,3.0,11.1,52.625,2015
834,27.6,34.3,20.8,1013.0,65.0,0.0,3.1,5.9,14.8,51.375,2015
838,32.0,40.6,21.6,1003.9,45.0,0.0,2.7,4.3,9.4,94.33333587646484,2015
839,32.8,40.6,26.0,1005.8,45.0,0.0,1.9,7.2,11.1,92.91666412353516,2015
840,31.8,39.6,25.4,1005.6,35.0,0.0,1.9,11.1,27.8,80.20833587646484,2015
844,30.4,39.1,22.2,1005.9,51.0,0.0,1.9,13.0,22.2,71.66666412353516,2015
845,28.8,37.1,22.8,1008.0,59.0,0.0,1.9,15.7,25.9,31.83333396911621,2015
846,30.2,37.1,23.5,1006.7,59.0,0.0,1.9,17.6,33.5,47.66666793823242,2015
851,30.2,37.6,23.6,1006.3,47.0,0.25,2.6,4.4,11.1,56.25,2015
852,30.9,38.9,21.7,1006.7,44.0,0.0,2.7,3.0,11.1,103.41666412353516,2015
856,35.7,42.7,27.6,1003.4,21.0,0.0,1.9,14.4,27.8,76.875,2015
857,34.1,42.7,27.0,1003.2,29.0,0.0,1.9,12.2,27.8,86.375,2015
858,35.1,42.7,25.7,1001.6,35.0,0.0,2.3,8.3,18.3,77.70833587646484,2015
862,28.3,38.7,23.8,1006.5,65.0,2.03,2.4,7.8,14.8,48.5,2015
863,29.9,35.9,22.0,1007.4,56.0,0.0,2.6,4.4,11.1,55.08333206176758,2015
864,28.7,35.8,24.2,1006.5,58.0,0.51,1.9,7.0,18.3,67.45833587646484,2015
868,31.4,41.5,24.9,1002.2,50.0,0.0,1.8,14.8,50.0,34.846153259277344,2015
869,33.2,41.5,22.4,1002.0,38.0,0.0,2.4,14.6,22.2,61.5,2015
870,35.8,42.6,27.0,1000.4,30.0,0.0,2.6,11.3,24.1,71.91304016113281,2015
874,37.8,45.5,28.0,996.7,29.0,0.0,2.6,10.9,22.2,77.375,2015
876,33.8,45.0,24.8,1001.3,26.0,0.0,2.6,6.7,18.3,63.66666793823242,2015
880,35.3,40.6,28.9,1000.7,30.0,0.0,1.9,15.2,27.8,66.39130401611328,2015
881,30.1,40.6,23.5,1002.2,47.0,0.0,1.9,14.3,29.4,25.45833396911621,2015
882,31.6,39.9,22.2,1003.4,46.0,3.05,1.9,8.5,20.6,20.75,2015
883,28.7,34.1,23.6,1004.3,59.0,0.51,1.9,6.7,11.1,40.5,2015
887,35.1,42.5,26.0,999.4,42.0,0.0,2.6,7.2,16.5,64.83333587646484,2015
888,36.3,42.9,27.7,998.7,38.0,0.0,2.6,6.3,22.2,63.0,2015
889,37.6,42.4,30.0,998.8,32.0,0.0,1.9,18.7,27.8,73.83333587646484,2015
893,31.9,41.6,28.0,998.8,52.0,0.0,2.3,9.4,14.8,31.875,2015
894,27.0,39.7,20.5,1000.2,82.0,25.91,1.9,3.9,13.0,54.95833206176758,2015
895,30.8,34.9,25.5,999.4,66.0,1.02,1.9,3.1,9.4,77.75,2015
899,35.9,41.6,29.0,996.7,54.0,0.0,1.9,8.5,18.3,75.33333587646484,2015
900,33.0,42.3,27.2,997.8,56.0,0.0,1.9,13.0,25.9,32.58333206176758,2015
901,30.4,34.4,25.3,997.0,70.0,7.11,1.9,5.6,20.6,28.375,2015
905,26.5,36.8,22.4,994.9,86.0,21.08,1.8,6.3,11.1,28.54166603088379,2015
906,31.5,36.8,24.0,994.7,62.0,0.25,1.8,11.7,22.2,51.04166793823242,2015
907,32.7,38.0,27.0,996.9,56.0,0.0,1.9,14.1,29.4,40.0,2015
911,31.9,37.8,25.0,1001.8,61.0,0.0,1.9,4.3,9.4,37.58333206176758,2015
912,33.8,38.9,27.0,1001.1,54.0,0.0,1.9,7.0,13.0,37.625,2015
913,33.4,39.8,27.6,999.7,54.0,0.0,1.9,13.0,25.9,34.375,2015
917,28.3,33.6,23.3,998.4,87.0,10.92,1.9,1.7,7.6,42.29166793823242,2015
918,31.2,35.8,24.8,998.6,77.0,26.92,1.9,2.8,11.1,45.66666793823242,2015
919,29.7,35.8,25.2,998.9,82.0,1.02,1.9,2.6,9.4,40.625,2015
923,29.9,33.7,23.3,1000.6,78.0,7.11,2.6,4.8,11.1,26.875,2015
924,31.1,35.6,26.4,998.5,73.0,0.0,1.9,10.9,18.3,30.70833396911621,2015
925,33.4,37.0,27.0,994.1,61.0,0.0,1.9,17.2,29.4,30.625,2015
929,30.1,34.7,26.0,997.7,76.0,2.03,1.9,0.7,5.4,27.41176414489746,2015
930,29.1,34.7,24.4,999.2,82.0,3.05,1.9,4.8,11.1,25.25,2015
931,31.5,35.7,25.7,999.9,74.0,4.06,1.9,8.1,13.0,20.91666603088379,2015
935,31.3,36.5,27.3,999.3,73.0,0.0,2.7,8.7,14.8,8.65217399597168,2015
936,30.0,36.6,27.0,998.8,76.0,6.1,2.6,16.9,25.9,9.333333015441896,2015
937,29.7,34.7,24.6,1000.2,74.0,4.06,2.7,11.3,18.3,5.26086950302124,2015
941,28.9,31.6,25.0,999.7,77.0,0.51,1.9,4.1,14.8,22.70833396911621,2015
942,28.4,32.6,25.4,1002.7,77.0,2.03,1.9,0.9,7.6,28.30434799194336,2015
943,29.8,33.9,25.0,1003.5,75.0,0.25,1.9,2.6,7.6,42.45833206176758,2015
944,31.6,35.5,25.4,1001.9,63.0,0.0,1.9,5.4,11.1,35.5,2015
948,29.4,34.4,26.4,999.9,86.0,0.0,1.8,2.2,14.8,54.875,2015
949,28.8,34.4,25.3,1001.7,88.0,16.0,1.6,1.7,7.6,51.78260803222656,2015
950,27.5,30.8,25.0,1000.2,92.0,29.97,1.3,3.0,7.6,36.56521606445313,2015
954,31.9,35.8,28.0,1001.8,75.0,0.0,1.9,0.4,3.5,31.0,2015
955,30.9,35.8,28.6,1001.8,78.0,0.0,1.9,3.3,14.8,37.79166793823242,2015
960,31.6,35.6,25.8,1002.7,67.0,2.03,2.9,13.0,22.2,26.45833396911621,2015
961,30.9,35.5,27.7,1001.5,66.0,0.0,1.9,14.6,27.8,25.33333396911621,2015
962,29.5,34.5,27.6,1002.0,77.0,7.11,1.9,8.5,18.3,26.409090042114254,2015
966,32.0,35.6,27.0,1000.9,64.0,0.0,3.4,10.0,20.6,57.25,2015
967,31.9,36.2,28.0,1001.1,68.0,0.0,2.6,4.8,14.8,38.66666793823242,2015
968,32.4,36.9,28.1,1001.9,68.0,0.0,2.7,5.4,11.1,28.5,2015
972,32.2,36.8,28.4,1002.0,61.0,0.0,2.6,14.6,24.1,60.125,2015
973,32.1,36.6,28.0,1000.8,56.0,0.0,1.9,15.4,25.9,54.25,2015
974,31.9,36.6,27.5,1001.7,54.0,0.0,1.9,12.8,24.1,43.08333206176758,2015
975,31.4,36.5,27.6,1005.5,56.0,0.0,1.9,11.7,25.9,37.41666793823242,2015
979,31.5,36.9,26.6,1005.7,53.0,0.0,1.9,9.4,22.2,37.650001525878906,2015
980,31.9,36.9,26.8,1005.8,54.0,0.0,2.7,11.9,35.2,56.85714340209961,2015
981,31.0,36.7,26.4,1005.7,54.0,0.0,2.6,10.2,31.7,66.83333587646484,2015
985,32.2,37.9,27.3,1005.8,61.0,0.0,1.9,1.3,3.5,80.66666412353516,2015
986,31.8,37.9,26.8,1003.5,59.0,0.0,1.9,2.6,9.4,93.66666412353516,2015
987,32.9,38.0,27.5,1003.3,62.0,0.0,1.9,0.4,3.5,41.21739196777344,2015
991,30.4,35.9,26.0,1003.6,78.0,22.1,1.6,2.0,7.6,19.91666603088379,2015
992,29.1,34.8,27.2,1003.4,76.0,0.0,1.9,4.6,11.1,11.5,2015
993,30.2,36.5,26.2,1002.3,70.0,0.0,1.9,5.7,14.8,32.95833206176758,2015
997,28.4,33.9,23.5,1003.8,55.0,0.0,2.6,8.5,20.6,47.08333206176758,2015
998,29.4,35.1,23.7,1005.3,60.0,0.0,2.3,6.3,14.8,51.45833206176758,2015
999,28.6,35.2,25.0,1007.2,64.0,0.0,2.3,3.0,9.4,35.54166793823242,2015
1003,28.1,35.3,21.5,1011.8,56.0,0.0,2.6,5.6,13.0,75.625,2015
1009,28.6,35.6,22.7,1009.0,72.0,0.0,1.9,6.5,18.3,69.25,2015
1010,28.5,35.4,23.2,1007.3,70.0,0.0,1.9,4.4,14.8,55.91666793823242,2015
1011,28.6,36.0,21.8,1004.3,65.0,0.0,1.9,6.1,24.1,62.70833206176758,2015
1015,29.6,35.5,25.0,1011.0,69.0,0.0,1.9,3.7,9.4,115.875,2015
1016,28.2,34.9,22.9,1012.7,70.0,0.0,1.9,3.9,9.4,140.16667175292972,2015
1017,27.6,34.9,21.5,1013.6,71.0,0.51,1.8,0.4,3.5,175.375,2015
1021,28.2,36.1,21.9,1011.7,70.0,0.0,1.9,3.5,9.4,115.70833587646484,2015
1022,27.7,36.2,22.9,1009.9,69.0,0.0,1.9,3.0,9.4,120.75,2015
1023,26.6,36.2,21.0,1012.0,68.0,0.0,1.6,2.0,7.6,145.8000030517578,2015
1027,26.4,34.4,18.3,1012.8,53.0,0.0,2.1,5.4,14.8,84.04166412353516,2015
1028,25.4,34.4,20.3,1015.0,59.0,0.0,1.9,5.6,16.5,97.25,2015
1029,24.7,33.3,18.5,1014.0,61.0,0.0,2.3,3.5,7.6,273.625,2015
1033,22.3,29.8,15.6,1016.0,73.0,0.0,1.6,1.1,5.4,269.58334350585943,2015
1034,22.9,31.4,16.2,1016.1,73.0,0.0,1.4,0.9,3.5,135.375,2015
1035,23.4,31.8,17.3,1015.8,75.0,0.0,1.6,0.4,3.5,166.1666717529297,2015
1036,23.9,31.8,18.6,1014.2,73.0,0.0,1.8,0.4,1.9,365.75,2015
1040,21.9,30.2,16.1,1014.8,79.0,0.0,0.5,1.1,7.6,209.76922607421875,2015
1041,21.9,29.0,17.1,1016.0,75.0,0.0,1.1,1.9,5.4,296.875,2015
1042,22.1,29.8,16.1,1015.0,77.0,0.0,1.3,0.7,3.5,353.0416564941406,2015
1046,22.3,29.3,16.1,1014.9,64.0,0.0,0.8,5.4,18.3,130.75,2015
1047,22.4,29.8,16.5,1012.0,65.0,0.0,1.1,3.5,13.0,174.7916717529297,2015
1052,18.5,27.7,11.5,1017.6,68.0,0.0,1.3,0.9,7.6,279.58334350585943,2015
1053,18.6,27.7,11.4,1016.4,69.0,0.0,1.1,0.4,3.5,280.20834350585943,2015
1054,18.8,28.5,11.5,1015.4,69.0,0.0,0.8,1.3,3.5,157.5,2015
1058,19.3,28.0,13.0,1014.7,61.0,0.0,1.9,5.7,18.3,283.9130554199219,2015
1059,20.0,29.1,11.9,1012.6,64.0,0.0,1.4,0.9,7.6,337.125,2015
1060,18.4,29.1,13.5,1011.4,71.0,0.0,1.3,2.6,7.6,212.125,2015
1064,19.3,28.0,13.8,1014.7,81.0,0.0,0.6,1.7,7.6,252.5416717529297,2015
1065,17.9,26.2,13.5,1016.2,75.0,0.0,0.8,2.0,11.1,312.625,2015
1066,17.6,24.6,11.2,1016.1,75.0,0.0,0.8,7.0,18.3,286.375,2015
1070,17.8,26.2,11.0,1017.1,79.0,0.0,0.6,2.0,7.6,269.125,2015
1071,20.2,27.0,12.0,1015.8,68.0,0.0,1.0,1.3,5.4,249.9583282470703,2015
1072,19.2,26.9,11.6,1015.4,78.0,0.0,1.0,4.8,14.8,163.0,2015
1076,14.8,21.0,6.8,1016.4,63.0,0.0,2.4,5.4,13.0,244.1666717529297,2015
1077,14.6,21.3,6.0,1017.1,59.0,0.0,2.6,8.1,14.8,274.047607421875,2015
1078,15.2,22.2,7.0,1016.5,60.0,0.0,2.4,7.0,14.8,245.9166717529297,2015
1082,14.4,21.1,6.8,1019.1,65.0,0.0,1.6,5.6,13.0,431.8333435058594,2015
1083,12.6,21.0,0.0,1018.9,68.0,0.0,1.4,2.6,9.4,215.25,2015
1084,13.7,21.0,5.6,1018.8,71.0,0.0,1.3,1.5,7.6,181.2083282470703,2015
1088,13.3,19.3,5.5,1021.9,62.0,0.0,1.9,7.8,14.8,190.5,2015
1089,14.4,21.5,5.5,1021.0,60.0,0.0,1.8,8.9,18.3,217.72727966308597,2015
1090,16.3,22.5,7.6,1020.6,64.0,0.0,1.4,8.1,14.8,220.0,2015
1095,16.9,25.1,6.6,1021.3,65.0,0.0,1.1,2.0,7.6,284.79583740234375,2016
1096,15.5,24.1,7.7,1021.0,71.0,0.0,1.1,3.5,11.1,239.69546508789062,2016
1097,14.9,22.8,8.0,1018.4,73.0,0.0,1.1,5.9,13.0,182.1875,2016
1101,18.3,24.7,11.5,1018.1,85.0,0.0,0.5,1.1,7.6,223.2083282470703,2016
1102,16.5,24.7,12.0,1017.4,82.0,0.0,0.6,8.0,13.0,200.6458282470703,2016
1103,16.6,22.2,10.2,1015.4,65.0,0.0,1.8,10.0,20.6,154.875,2016
1108,15.6,23.2,10.9,1015.6,82.0,0.0,0.6,4.3,9.4,276.9083251953125,2016
1109,13.0,19.0,9.6,1016.9,85.0,0.0,0.8,10.7,16.5,267.9818115234375,2016
1113,12.3,19.0,8.9,1015.8,91.0,0.0,0.5,4.6,9.4,107.625,2016
1114,11.9,15.7,7.5,1018.9,86.0,0.0,0.8,6.1,11.1,125.89167022705078,2016
1115,12.0,17.0,6.7,1019.8,75.0,0.0,1.3,7.6,13.0,179.30833435058594,2016
1119,11.7,18.0,6.4,1017.3,76.0,0.0,0.8,4.4,13.0,152.55416870117188,2016
1120,14.6,21.0,6.8,1015.6,81.0,0.0,0.6,2.4,7.6,152.3208465576172,2016
1121,17.7,24.0,9.0,1014.5,69.0,0.0,1.4,4.4,9.4,171.4291534423828,2016
1125,17.4,27.2,12.2,1016.4,79.0,0.0,1.1,7.8,18.3,332.7083435058594,2016
1126,15.9,22.4,8.4,1017.6,66.0,0.0,2.4,7.2,16.5,279.60000610351557,2016
1127,15.2,22.6,6.6,1018.2,56.0,0.0,1.9,8.9,22.2,179.1166534423828,2016
1128,12.7,19.5,8.0,1017.6,69.0,0.0,1.3,8.3,18.3,166.3000030517578,2016
1132,15.6,24.6,10.7,1015.7,81.0,0.0,1.3,2.8,9.4,93.375,2016
1133,17.1,23.2,9.0,1017.1,69.0,0.0,1.8,5.9,11.1,103.0,2016
1134,17.6,24.0,10.1,1014.8,67.0,0.0,1.4,5.9,14.8,211.125,2016
1138,17.2,26.0,11.5,1014.7,65.0,0.0,2.3,5.7,14.8,127.70833587646484,2016
1139,17.7,24.4,9.7,1017.0,64.0,0.0,2.1,8.0,18.3,145.77777099609375,2016
1140,17.4,24.4,10.1,1018.9,61.0,0.0,2.3,6.1,11.1,90.33333587646484,2016
1146,20.9,27.8,15.8,1014.4,62.0,0.0,2.6,17.2,27.8,69.66666412353516,2016
1150,22.6,30.3,11.5,1015.4,57.0,0.0,2.4,5.4,11.1,36.35714340209961,2016
1151,22.7,30.4,12.8,1017.7,56.0,0.0,2.6,2.4,7.6,2.5555555820465092,2016
1152,22.7,30.6,13.0,1018.4,58.0,0.0,2.4,3.3,7.6,2.095238208770752,2016
1155,25.0,31.0,15.0,1015.7,59.0,0.0,1.9,1.7,5.4,112.08333587646484,2016
1156,24.9,32.4,15.2,1015.0,57.0,0.0,1.9,1.7,9.4,105.83333587646484,2016
1157,26.8,33.4,15.7,1014.5,52.0,0.0,2.4,4.6,9.4,117.58333587646484,2016
1161,23.7,29.1,15.8,1011.9,67.0,0.0,2.1,5.2,11.1,147.9583282470703,2016
1162,23.4,29.1,17.0,1011.4,63.0,0.0,2.1,6.7,16.5,111.95833587646484,2016
1163,24.3,29.0,15.6,1011.7,56.0,0.0,1.9,10.0,18.3,59.20833206176758,2016
1167,24.3,31.0,16.8,1010.8,66.0,0.0,3.4,6.9,14.8,73.04762268066406,2016
1169,24.1,29.2,14.5,1014.4,59.0,0.0,2.4,8.5,18.3,123.70833587646484,2016
1173,26.8,33.0,19.0,1008.8,61.0,0.0,2.3,3.5,11.1,77.66666412353516,2016
1174,27.1,33.0,19.0,1009.9,61.0,0.0,2.6,2.8,13.0,52.33333206176758,2016
1175,26.5,32.8,19.5,1010.5,45.0,0.0,2.9,12.2,25.9,52.04166793823242,2016
1179,29.8,36.2,18.2,1012.7,52.0,0.0,2.4,3.3,7.6,46.41666793823242,2016
1180,24.7,36.6,19.7,1012.8,66.0,0.0,2.4,9.4,14.8,33.09090805053711,2016
1181,26.2,32.0,19.5,1012.5,56.0,0.0,3.1,9.1,14.8,36.42856979370117,2016
1185,29.9,37.0,19.5,1008.3,39.0,0.0,2.7,4.4,9.4,81.83333587646484,2016
1186,30.4,37.5,21.6,1006.3,41.0,0.0,2.6,12.0,27.8,105.33333587646484,2016
1187,32.3,39.0,21.5,1007.3,39.0,0.0,3.4,5.4,13.0,117.75,2016
1188,33.4,39.1,24.8,1008.0,47.0,0.0,2.1,2.6,7.6,55.44444274902344,2016
1192,29.5,36.9,21.5,1007.2,41.0,0.0,2.3,11.3,16.5,46.91666793823242,2016
1193,29.3,36.0,18.8,1008.8,37.0,0.0,3.2,4.8,11.1,104.625,2016
1194,30.9,37.0,19.0,1008.9,33.0,0.0,2.6,6.9,14.8,109.625,2016
1198,31.6,38.0,23.2,1002.6,30.0,0.0,3.1,18.7,35.2,147.2857208251953,2016
1199,33.1,39.0,24.0,1003.0,26.0,0.0,2.6,10.4,24.1,49.4000015258789,2016
1200,33.6,40.0,23.0,1003.8,27.0,0.0,2.4,9.8,18.3,75.58333587646484,2016
1205,34.0,40.6,26.3,1005.5,29.0,0.0,2.6,13.9,22.2,94.75,2016
1206,33.9,39.6,25.8,1002.7,28.0,0.0,2.7,15.7,29.4,142.5,2016
1211,33.4,40.0,21.2,1006.3,27.0,0.0,2.6,3.7,14.8,147.8333282470703,2016
1212,33.2,40.3,22.2,1005.1,29.0,0.0,2.3,5.0,14.8,158.2916717529297,2016
1213,34.0,40.7,22.2,1004.6,24.0,0.0,2.4,11.9,22.2,149.5833282470703,2016
1216,34.7,41.5,22.0,1001.7,24.0,0.0,2.3,8.5,16.5,76.25,2016
1217,38.0,44.0,23.8,1001.1,20.0,0.0,2.6,9.6,29.4,101.5,2016
1218,35.4,44.0,28.0,1003.2,35.0,0.0,2.7,6.5,18.3,106.5,2016
1222,33.2,38.0,25.0,1004.6,41.0,0.0,2.7,4.6,9.4,137.16667175292972,2016
1223,35.1,39.2,25.3,1005.1,40.0,0.0,2.4,7.2,11.1,101.95833587646484,2016
1224,33.8,39.8,27.6,1005.5,44.0,0.0,2.4,9.8,16.5,98.41666412353516,2016
1228,37.1,42.0,27.5,1000.7,30.0,0.0,2.9,8.3,18.3,87.25,2016
1229,36.5,43.0,27.0,1001.8,35.0,0.0,2.6,4.1,22.2,107.625,2016
1230,37.3,42.4,27.4,1002.4,32.0,0.0,2.6,4.8,14.8,110.41666412353516,2016
1234,37.3,43.7,28.6,997.4,44.0,0.0,2.6,9.4,22.2,80.3043441772461,2016
1235,37.3,42.8,31.2,996.2,49.0,0.0,2.6,8.3,14.8,72.25,2016
1236,36.2,41.5,30.7,995.3,50.0,0.0,2.9,10.9,18.3,38.66666793823242,2016
1241,34.6,39.0,26.0,998.4,49.0,0.0,2.4,6.7,16.5,74.16666412353516,2016
1242,37.4,41.0,30.6,998.8,31.0,0.0,1.9,14.1,27.8,66.08333587646484,2016
1246,32.7,37.5,24.7,1002.3,55.0,0.0,2.4,7.4,18.3,37.16666793823242,2016
1247,36.0,40.0,26.6,1001.7,46.0,0.0,3.1,9.1,22.2,57.375,2016
1248,37.7,42.0,30.7,1000.9,37.0,0.0,2.6,11.9,22.2,56.29166793823242,2016
1249,37.6,43.0,28.7,1001.2,42.0,0.0,2.4,2.8,11.1,77.0,2016
1253,34.6,40.3,28.7,1001.1,51.0,0.0,2.7,10.2,25.9,93.08333587646484,2016
1254,35.9,41.0,28.6,998.6,50.0,0.0,2.6,8.5,18.3,80.625,2016
1255,35.7,41.2,30.0,997.6,48.0,0.0,2.3,9.3,27.8,90.70833587646484,2016
1261,34.7,38.0,30.5,995.4,55.0,0.0,2.4,10.4,18.3,40.375,2016
1265,35.6,40.0,30.0,1000.7,57.0,0.0,3.1,9.4,25.9,49.58333206176758,2016
1267,32.9,38.6,27.0,999.7,64.0,0.0,2.4,8.9,16.5,54.76922988891602,2016
1271,35.5,39.9,31.2,999.7,60.0,0.0,2.4,9.8,18.3,51.26086807250977,2016
1272,34.9,39.6,29.6,999.6,61.0,0.0,2.4,7.8,14.8,43.66666793823242,2016
1273,34.4,39.4,26.0,998.3,63.0,0.0,2.3,8.0,14.8,29.83333396911621,2016
1278,28.4,36.6,24.4,998.1,82.0,0.0,2.4,5.2,9.4,37.625,2016
1283,33.6,36.7,28.8,996.7,66.0,0.0,5.8,5.9,11.1,38.58333206176758,2016
1285,33.3,37.0,27.8,996.2,68.0,0.0,2.6,6.7,11.1,70.58333587646484,2016
1295,32.4,35.2,26.2,999.0,72.0,0.0,2.9,13.5,25.9,15.416666984558105,2016
1296,34.1,37.0,28.5,998.5,63.0,0.0,3.2,13.0,22.2,41.375,2016
1297,34.1,37.2,29.0,998.4,61.0,0.0,2.6,11.5,22.2,25.54166603088379,2016
1301,31.9,35.0,28.3,1001.3,72.0,0.0,2.1,2.8,9.4,41.83333206176758,2016
1302,30.3,35.0,27.6,1002.6,83.0,5.08,2.3,6.5,16.5,50.33333206176758,2016
1307,29.2,31.0,26.0,1000.0,85.0,0.0,1.8,4.6,13.0,35.5,2016
1310,32.6,36.0,26.2,997.8,66.0,0.0,3.4,5.6,9.4,21.125,2016
1314,33.3,36.0,26.4,999.7,67.0,0.0,3.2,7.8,18.3,35.70833206176758,2016
1315,33.4,36.5,28.6,999.9,66.0,0.0,2.9,9.8,16.5,43.58333206176758,2016
1322,31.3,34.5,27.0,997.6,71.0,0.0,3.2,12.2,22.2,30.66666603088379,2016
1326,31.7,34.0,26.4,999.0,71.0,0.0,2.6,2.0,11.1,34.41666793823242,2016
1327,32.6,36.0,27.6,999.6,70.0,0.0,2.7,10.6,20.6,33.16666793823242,2016
1328,31.2,35.9,26.1,1000.4,71.0,0.0,3.2,8.7,18.3,30.625,2016
1339,27.8,31.0,25.2,1001.3,88.0,62.99,2.4,4.6,7.6,56.08333206176758,2016
1340,30.7,34.0,25.5,1000.1,73.0,6.1,2.6,13.7,22.2,69.70833587646484,2016
1341,30.7,34.0,25.0,1000.5,65.0,0.0,3.4,12.0,27.8,62.375,2016
1345,31.1,35.0,25.0,1003.1,64.0,0.0,3.2,10.4,18.3,46.54166793823242,2016
1346,31.3,35.0,26.0,1004.6,63.0,0.0,3.2,11.5,18.3,43.95833206176758,2016
1351,31.4,36.0,26.7,1006.7,65.0,0.0,3.1,8.3,13.0,35.956520080566406,2016
1357,31.7,37.1,26.0,1003.2,63.0,0.0,2.9,1.7,5.4,65.08333587646484,2016
1358,32.5,37.2,25.3,1003.0,59.0,0.0,3.1,1.7,7.6,61.70833206176758,2016
1359,32.6,37.4,27.0,1005.8,63.0,0.0,2.6,6.3,13.0,63.173912048339844,2016
1363,30.7,34.8,25.6,1004.5,66.0,0.0,2.6,3.3,11.1,60.66666793823242,2016
1365,31.4,35.2,26.0,1005.8,62.0,0.0,3.1,2.0,7.6,82.83333587646484,2016
1369,31.9,36.0,26.5,1007.2,66.0,0.0,2.3,2.4,7.6,145.5833282470703,2016
1370,32.4,36.4,27.5,1007.8,65.0,0.0,3.1,3.5,11.1,126.16666412353516,2016
1375,30.3,35.0,24.7,1007.3,62.0,0.0,2.3,7.6,18.3,174.6666717529297,2016
1376,29.9,35.0,23.0,1006.3,60.0,0.0,2.6,6.7,24.1,245.6666717529297,2016
1377,30.0,36.0,22.5,1004.9,63.0,0.0,2.6,3.0,7.6,261.66665649414057,2016
1381,28.6,35.0,19.8,1008.2,49.0,0.0,3.7,11.5,22.2,207.3333282470703,2016
1382,28.3,35.2,19.0,1009.4,53.0,0.0,3.4,9.1,35.9,149.625,2016
1383,26.8,35.2,17.5,1010.4,57.0,0.0,2.6,5.7,13.0,99.70833587646484,2016
1387,27.6,35.0,17.6,1007.6,53.0,0.0,3.1,5.9,13.0,429.1666564941406,2016
1388,27.7,35.0,18.6,1006.9,52.0,0.0,3.1,7.8,28.7,332.4583435058594,2016
1389,27.3,35.0,19.0,1007.8,55.0,0.0,3.2,7.2,27.8,321.5416564941406,2016
1393,27.2,34.5,19.5,1009.0,58.0,0.0,3.1,11.1,25.9,153.2916717529297,2016
1394,26.4,33.0,18.4,1012.4,60.0,0.0,2.6,4.6,14.8,171.5416717529297,2016
1395,25.4,33.4,16.5,1014.3,62.0,0.0,1.6,5.0,14.8,224.1666717529297,2016
1399,23.7,31.7,15.5,1017.7,69.0,0.0,1.0,1.3,5.4,251.2083282470703,2016
1400,23.4,31.1,14.2,1016.0,60.0,0.0,1.1,3.0,7.6,172.8333282470703,2016
1401,22.6,30.6,15.8,1015.4,69.0,0.0,0.5,1.1,5.4,166.7083282470703,2016
1402,23.9,32.0,14.5,1015.6,63.0,0.0,1.0,2.0,5.4,130.70832824707028,2016
1406,23.2,30.2,14.0,1012.6,55.0,0.0,1.1,7.4,18.3,207.9166717529297,2016
1407,22.5,29.5,15.6,1013.3,56.0,0.0,1.1,11.7,22.2,134.45832824707028,2016
1408,21.7,30.0,12.2,1014.5,52.0,0.0,1.1,6.3,16.5,110.0,2016
1413,22.2,30.2,13.6,1015.6,63.0,0.0,1.6,1.5,3.5,118.91666412353516,2016
1414,20.8,29.3,12.1,1016.7,58.0,0.0,1.8,3.5,9.4,176.375,2016
1415,20.7,28.8,10.6,1017.8,56.0,0.0,1.8,6.1,16.5,185.9583282470703,2016
1419,20.8,29.0,10.5,1013.9,61.0,0.0,1.8,2.6,7.6,239.125,2016
1420,22.0,31.0,10.7,1013.2,56.0,0.0,1.8,2.4,14.8,365.2916564941406,2016
1421,21.4,30.6,10.8,1011.9,54.0,0.0,2.6,7.8,18.3,312.2083435058594,2016
1425,24.2,31.0,16.5,1013.0,36.0,0.0,2.9,13.9,22.2,121.33333587646484,2016
1426,22.7,30.8,13.6,1012.0,38.0,0.0,3.4,11.9,20.6,202.875,2016
1427,21.4,29.6,12.7,1013.7,40.0,0.0,2.6,8.0,20.6,260.16665649414057,2016
1430,19.2,25.9,11.9,1017.0,84.0,0.0,0.8,2.6,9.4,382.7083435058594,2016
1431,18.9,25.8,11.5,1017.9,77.0,0.0,0.6,5.0,13.0,277.70834350585943,2016
1432,19.3,27.0,11.7,1019.6,57.0,0.0,1.8,5.2,11.1,284.1666564941406,2016
1436,17.8,24.8,11.2,1017.0,74.0,0.0,0.6,0.7,7.6,180.7916717529297,2016
1437,15.8,24.3,8.7,1015.8,77.0,0.0,0.8,1.7,7.6,166.9166717529297,2016
1438,18.2,27.0,7.7,1013.7,72.0,0.0,0.6,1.1,7.6,169.0,2016
1442,19.0,27.1,10.5,1015.1,61.0,0.0,1.6,3.3,9.4,210.6875,2016
1443,18.0,26.6,10.5,1017.1,61.0,0.0,1.9,8.0,14.8,108.08333587646484,2016
1461,15.6,23.0,9.0,1016.4,87.0,0.0,1.3,2.4,11.1,284.79583740234375,2017
1462,17.4,24.0,9.3,1018.9,81.0,0.0,1.3,2.2,9.4,239.69546508789062,2017
1463,16.7,24.3,9.5,1018.0,82.0,0.0,1.0,4.1,13.0,182.1875,2017
1468,15.4,20.0,10.2,1015.5,84.0,0.0,1.1,2.2,7.6,200.6458282470703,2017
1469,14.1,20.2,8.6,1015.8,82.0,0.0,1.1,5.0,13.0,154.875,2017
1473,12.1,19.0,4.3,1017.8,70.0,0.0,1.4,6.1,14.8,334.3411865234375,2017
1474,12.6,19.5,3.2,1019.2,78.0,0.0,1.3,5.2,11.1,276.9083251953125,2017
1475,16.4,24.0,8.6,1017.3,73.0,0.0,1.3,3.3,7.6,267.9818115234375,2017
1479,14.0,21.0,6.4,1023.1,76.0,0.0,1.6,10.2,16.5,107.625,2017
1481,14.7,20.8,7.0,1021.4,72.0,0.0,1.0,6.1,14.8,179.30833435058594,2017
1491,17.3,23.2,9.8,1016.0,71.0,0.0,1.4,4.6,16.5,332.7083435058594,2017
1492,16.2,23.4,9.4,1017.9,75.0,0.0,1.3,8.0,16.5,279.60000610351557,2017
1493,17.0,24.0,8.6,1019.2,66.0,0.0,1.6,2.8,7.6,179.1166534423828,2017
1494,17.9,25.0,9.5,1017.3,68.0,0.0,1.6,3.3,11.1,166.3000030517578,2017
1498,16.1,23.5,8.6,1015.9,62.0,0.0,2.9,10.2,18.3,93.375,2017
1499,16.8,24.0,9.0,1015.2,63.0,0.0,1.8,5.7,18.3,103.0,2017
1500,16.7,24.2,9.4,1016.4,66.0,0.0,1.8,10.6,27.8,211.125,2017
1504,18.2,25.0,8.9,1021.9,59.0,0.0,2.3,7.6,18.3,127.70833587646484,2017
1505,18.6,29.0,10.2,1021.3,59.0,0.0,1.8,10.2,18.3,145.77777099609375,2017
1506,19.7,27.0,9.8,1020.3,58.0,0.0,2.4,8.7,32.4,90.33333587646484,2017
1510,24.1,31.0,15.6,1011.1,57.0,0.0,3.1,7.2,14.8,67.125,2017
1511,24.8,32.0,16.4,1005.0,56.0,0.0,2.4,6.3,14.8,46.70833206176758,2017
1512,20.9,32.4,15.7,1008.2,74.0,0.0,1.9,12.0,24.1,69.66666412353516,2017
1516,21.4,28.0,13.5,1013.6,47.0,0.0,3.1,18.5,35.2,36.35714340209961,2017
1517,20.4,28.1,12.4,1012.5,55.0,0.0,2.6,16.1,29.4,2.5555555820465092,2017
1518,21.2,29.0,11.0,1014.2,52.0,0.0,3.2,8.0,16.5,2.095238208770752,2017
1520,24.7,32.5,18.0,1012.1,49.0,0.0,2.6,5.0,11.1,42.16666793823242,2017
1521,22.8,30.5,16.5,1011.1,59.0,0.0,1.9,4.4,11.1,112.08333587646484,2017
1522,21.3,28.5,12.5,1010.6,41.0,0.0,3.1,8.3,22.2,105.83333587646484,2017
1526,23.4,30.0,12.0,1008.3,41.0,0.0,2.6,5.9,14.8,159.0833282470703,2017
1532,18.4,24.0,9.0,1015.3,49.0,0.0,3.2,9.1,20.6,90.04166412353516,2017
1533,19.6,26.0,9.1,1016.4,50.0,0.0,2.7,6.5,22.2,73.04762268066406,2017
1534,21.4,28.0,10.5,1013.7,50.0,0.0,2.4,8.5,22.2,98.70833587646484,2017
1538,23.6,30.0,15.6,1011.7,57.0,0.0,2.6,7.6,18.3,92.21739196777344,2017
1539,24.2,30.0,15.4,1012.2,53.0,0.0,2.7,11.3,24.1,77.66666412353516,2017
1540,26.6,34.0,16.2,1011.6,47.0,0.0,2.9,10.9,22.2,52.33333206176758,2017
1544,27.8,35.0,17.7,1010.4,41.0,0.0,3.4,12.8,27.8,70.0,2017
1545,29.1,35.0,20.8,1009.8,38.0,0.0,3.2,16.1,35.2,46.41666793823242,2017
1546,30.6,37.0,21.8,1009.5,41.0,0.0,3.1,13.1,27.8,33.09090805053711,2017
1550,31.2,38.5,23.3,1007.5,41.0,0.0,2.9,8.3,18.3,89.0,2017
1551,32.8,39.0,23.2,1004.7,36.0,0.0,3.2,11.1,22.2,81.83333587646484,2017
1552,31.7,39.4,23.0,1004.2,34.0,0.0,3.5,10.7,25.9,105.33333587646484,2017
1553,32.8,39.0,21.4,1004.9,30.0,0.0,3.7,10.7,22.2,117.75,2017
1557,28.8,38.0,19.2,1008.0,32.0,0.0,1.9,5.9,18.3,84.5,2017
1558,27.5,34.4,16.5,1010.8,28.0,0.0,2.7,10.0,20.6,46.91666793823242,2017
1559,27.3,33.6,19.0,1010.8,29.0,0.0,3.9,13.3,25.9,104.625,2017
1563,31.6,40.0,19.9,1006.3,27.0,0.0,2.9,5.6,11.1,110.875,2017
1564,32.4,40.5,20.7,1004.5,33.0,0.0,2.3,2.6,9.4,147.2857208251953,2017
1565,33.0,40.6,22.0,1002.1,29.0,0.0,3.2,8.5,24.1,49.4000015258789,2017
1571,34.9,43.2,28.9,999.7,45.0,0.0,2.7,9.1,21.7,94.75,2017
1572,33.5,40.2,28.5,1001.9,49.0,0.0,2.3,8.5,22.2,142.5,2017
1573,33.9,40.0,26.8,1001.9,31.0,0.0,3.2,11.1,22.2,133.375,2017
1577,32.6,38.2,22.5,1006.3,33.0,0.0,2.7,11.9,51.9,147.8333282470703,2017
1578,32.2,38.5,24.0,1004.8,37.0,0.0,2.9,13.3,39.6,158.2916717529297,2017
1579,32.1,39.0,24.0,1005.4,40.0,0.0,3.1,5.9,20.6,149.5833282470703,2017
1581,32.2,38.1,23.1,1007.2,35.0,0.0,3.7,5.7,13.0,96.25,2017
1582,32.3,39.6,22.0,1006.8,37.0,0.0,3.2,4.4,13.0,76.25,2017
1587,36.6,44.0,25.3,1003.7,27.0,0.0,3.4,8.0,18.3,125.625,2017
1588,36.6,44.1,27.6,1002.7,30.0,0.0,2.6,3.5,9.4,137.16667175292972,2017
1589,35.6,42.8,28.0,1001.5,36.0,0.0,3.2,10.7,20.6,101.95833587646484,2017
1593,36.0,41.8,27.5,1002.0,35.0,0.0,2.7,6.7,18.3,89.54166412353516,2017
1594,37.2,43.0,27.8,999.8,28.0,0.0,3.1,6.7,14.8,87.25,2017
1595,37.9,44.0,28.1,998.3,24.0,0.0,3.2,10.2,22.2,107.625,2017
1600,34.0,41.4,28.4,1000.0,38.0,0.0,3.4,5.4,22.2,80.3043441772461,2017
1605,36.4,41.6,28.5,999.1,36.0,0.0,3.4,4.3,11.1,67.08333587646484,2017
1606,37.8,44.0,29.0,997.3,33.0,0.0,3.1,8.3,22.2,80.04166412353516,2017
1607,35.3,43.9,29.3,998.0,46.0,0.0,3.9,13.3,18.3,74.16666412353516,2017
1612,32.9,37.0,24.9,1000.7,52.0,0.0,2.4,5.0,14.8,37.16666793823242,2017
1613,34.9,40.0,26.0,999.4,38.0,0.0,2.6,6.7,13.0,57.375,2017
1614,37.3,42.5,28.7,996.6,32.0,0.0,3.4,12.2,35.2,56.29166793823242,2017
1620,32.9,37.0,26.4,1000.6,53.0,0.0,2.7,4.8,13.0,80.625,2017
1624,36.6,42.0,28.1,997.5,33.0,0.0,3.5,13.3,29.4,87.75,2017
1625,36.1,42.0,29.0,1000.4,37.0,0.0,2.9,12.8,43.2,66.26087188720703,2017
1626,34.7,41.6,28.6,998.9,39.0,0.0,3.1,11.3,22.2,50.70833206176758,2017
1636,35.7,39.0,30.0,997.7,58.0,0.0,3.1,6.7,13.0,33.08333206176758,2017
1637,35.2,39.4,30.4,998.9,62.0,0.0,3.4,7.6,18.3,51.26086807250977,2017
1638,35.6,39.0,30.5,998.5,59.0,0.0,3.4,9.4,18.3,43.66666793823242,2017
1642,30.3,34.5,25.4,995.6,84.0,0.0,2.4,3.3,9.4,39.25,2017
1644,32.0,37.0,26.7,996.5,75.0,0.0,2.3,3.7,9.4,37.625,2017
1648,31.3,35.8,25.2,1000.4,74.0,0.0,2.7,3.9,11.1,65.75,2017
1649,31.9,36.5,28.2,999.1,72.0,0.0,2.4,6.3,13.0,38.58333206176758,2017
1650,34.4,37.6,29.6,998.6,58.0,0.0,2.9,7.4,14.8,36.0,2017
1654,31.1,35.0,27.0,999.4,69.0,0.0,3.2,7.8,14.8,45.58333206176758,2017
1655,33.2,36.5,28.4,999.6,64.0,0.0,3.7,9.6,18.3,33.16666793823242,2017
1662,32.5,36.0,28.0,997.5,70.0,0.0,3.1,10.0,18.3,41.375,2017
1667,31.6,35.0,26.4,999.1,74.0,0.0,3.2,8.9,13.0,41.83333206176758,2017
1668,32.2,35.0,28.6,1000.7,69.0,0.0,3.7,9.3,16.5,50.33333206176758,2017
1674,29.8,32.0,27.0,1000.2,78.0,0.0,2.7,10.2,14.8,35.29166793823242,2017
1675,31.2,35.0,27.3,997.2,69.0,0.0,2.9,18.7,27.8,26.83333396911621,2017
1680,31.7,36.0,26.5,1001.5,77.0,29.97,2.7,4.8,13.0,35.70833206176758,2017
1681,29.2,35.6,27.0,999.3,87.0,0.0,1.6,3.5,18.3,43.58333206176758,2017
1685,31.3,35.0,27.3,1001.2,68.0,0.0,2.9,13.1,22.2,58.54166793823242,2017
1686,31.6,36.0,27.4,1003.3,63.0,0.0,3.7,7.2,14.8,82.875,2017
1692,32.0,36.0,26.5,1001.8,70.0,0.0,3.1,9.6,28.7,34.41666793823242,2017
1693,32.1,36.0,28.3,1001.3,72.0,0.0,3.2,8.5,16.5,33.16666793823242,2017
1706,30.7,35.0,25.2,1003.9,70.0,0.0,3.4,8.1,18.3,69.70833587646484,2017
1710,28.9,36.1,24.2,1005.5,76.0,0.0,2.9,6.7,13.0,50.125,2017
1711,31.2,35.0,26.5,1005.5,67.0,0.0,2.7,5.7,13.0,46.54166793823242,2017
1712,31.6,35.1,26.8,1003.9,65.0,0.0,3.1,6.7,11.1,43.95833206176758,2017
1716,32.2,36.2,27.0,1006.2,63.0,0.0,2.9,4.6,11.1,76.91666412353516,2017
1717,32.1,36.6,27.5,1005.6,67.0,0.0,2.4,3.0,7.6,35.956520080566406,2017
1718,32.7,36.1,27.0,1005.1,53.0,0.0,2.9,6.7,14.8,31.65217399597168,2017
1722,31.6,36.0,25.6,1002.8,59.0,0.0,2.6,1.1,7.6,62.70833206176758,2017
1723,31.6,37.0,25.0,1002.9,57.0,0.0,2.7,3.0,11.1,65.08333587646484,2017
1724,30.7,36.9,24.8,1002.7,69.0,0.0,2.9,6.9,11.1,61.70833206176758,2017
1728,30.2,35.0,23.8,1004.5,67.0,0.0,3.1,8.9,14.8,40.95833206176758,2017
1729,30.4,35.1,25.0,1005.7,66.0,0.0,3.4,5.7,18.3,60.66666793823242,2017
1730,30.8,36.0,23.8,1005.9,58.0,0.0,3.1,2.6,11.1,80.04166412353516,2017
1734,28.8,36.0,22.0,1005.9,55.0,0.0,3.4,5.7,22.2,149.6666717529297,2017
1735,29.9,36.4,21.9,1006.0,47.0,0.0,3.9,8.0,24.1,145.5833282470703,2017
1736,30.5,36.4,21.3,1007.9,53.0,0.0,3.7,7.2,14.8,126.16666412353516,2017
1740,29.6,36.0,21.6,1007.6,54.0,0.0,2.9,6.1,18.3,168.625,2017
1741,28.8,35.8,22.4,1006.9,63.0,0.0,2.6,3.9,11.1,174.6666717529297,2017
1742,29.6,36.0,22.5,1007.6,58.0,0.0,2.7,2.4,11.1,245.6666717529297,2017
1746,29.0,35.0,21.6,1004.5,57.0,0.0,2.6,4.4,14.8,291.7083435058594,2017
1747,28.8,36.4,21.5,1004.4,56.0,0.0,2.6,2.4,13.0,207.3333282470703,2017
1748,28.2,36.5,19.2,1005.1,54.0,0.0,2.7,3.5,16.5,149.625,2017
1752,28.5,36.0,19.4,1008.8,58.0,0.0,2.4,0.6,9.4,250.375,2017
1753,27.8,36.3,20.5,1007.5,62.0,0.0,1.3,2.0,13.0,429.1666564941406,2017
1754,25.9,35.3,18.4,1005.6,61.0,0.0,1.6,3.1,11.1,332.4583435058594,2017
1758,23.8,33.0,17.0,1013.7,63.0,0.0,1.6,2.6,7.6,235.3333282470703,2017
1759,23.8,33.1,16.1,1014.0,67.0,0.0,1.9,0.7,5.4,153.2916717529297,2017
1760,23.8,33.2,17.3,1012.8,69.0,0.0,1.8,0.7,5.4,171.5416717529297,2017
1765,23.5,31.4,17.6,1014.0,72.0,0.0,1.6,1.7,9.4,251.2083282470703,2017
1766,23.3,32.0,19.4,1012.9,79.0,0.0,1.3,2.6,9.4,172.8333282470703,2017
1767,22.7,30.3,17.5,1013.5,78.0,0.0,1.1,0.4,3.5,166.7083282470703,2017
1771,21.1,30.0,16.0,1014.4,73.0,0.0,0.6,1.9,11.1,274.875,2017
1772,19.7,30.2,14.0,1014.0,82.0,0.0,0.3,0.4,3.5,207.9166717529297,2017
1773,20.1,30.4,13.8,1013.2,71.0,0.0,0.5,0.9,7.6,134.45832824707028,2017
1777,19.3,28.5,12.4,1010.9,74.0,0.0,0.6,0.4,3.5,184.2083282470703,2017
1778,20.1,28.5,14.6,1011.2,73.0,0.0,0.8,1.9,7.6,130.91667175292972,2017
1783,18.1,24.3,13.5,1016.5,60.0,0.0,1.8,5.6,14.8,151.0416717529297,2017
1784,15.9,24.5,9.4,1017.3,58.0,0.0,1.4,3.9,11.1,170.875,2017
1785,16.0,24.4,10.2,1015.1,59.0,0.0,1.8,5.2,18.3,239.125,2017
1789,16.9,26.5,8.6,1016.0,57.0,0.0,1.9,3.5,9.4,179.3333282470703,2017
1790,16.9,27.5,8.6,1016.7,63.0,0.0,1.6,1.1,9.4,122.54166412353516,2017
1791,16.3,27.5,9.0,1013.9,63.0,0.0,1.9,5.0,13.0,121.33333587646484,2017
1795,15.7,27.1,8.2,1015.7,66.0,0.0,1.6,1.7,13.0,455.5833435058594,2017
1797,15.1,26.4,8.0,1016.6,72.0,0.0,1.3,0.7,5.4,277.70834350585943,2017
1802,16.6,25.2,9.4,1015.4,52.0,0.0,1.9,6.7,22.2,180.7916717529297,2017
1803,16.1,26.6,0.7,1015.3,60.0,0.0,1.9,1.7,9.4,166.9166717529297,2017
1807,15.7,21.7,12.0,1018.2,85.0,0.0,1.0,3.3,7.6,248.9090881347656,2017
1808,13.6,21.3,9.6,1020.1,83.0,0.0,0.8,4.8,11.1,210.6875,2017
1809,12.7,19.5,8.0,1021.0,78.0,0.0,1.0,6.1,11.1,108.08333587646484,2017
1826,12.2,23.9,5.7,1014.5,88.0,0.0,0.3,0.7,5.4,255.875,2018
1827,11.8,20.1,8.4,1015.3,89.0,0.0,0.3,2.8,9.4,226.5217437744141,2018
1828,11.3,18.2,6.7,1015.6,85.0,0.0,0.6,3.5,9.4,239.13043212890625,2018
1832,13.2,20.8,6.4,1015.2,69.0,0.0,1.4,8.5,14.8,298.4583435058594,2018
1833,12.1,20.7,5.0,1017.6,72.0,0.0,1.4,3.9,11.1,264.91665649414057,2018
1834,12.2,21.7,4.2,1019.1,75.0,0.0,1.4,5.7,18.3,422.0869445800781,2018
1838,13.6,23.7,5.5,1016.1,68.0,0.0,1.4,4.4,18.3,323.1428527832031,2018
1839,14.0,23.7,5.7,1016.2,69.0,0.0,2.3,4.8,14.8,263.60000610351557,2018
1840,14.7,25.0,6.4,1015.6,70.0,0.0,1.4,9.4,24.1,376.9166564941406,2018
1844,15.8,24.2,9.5,1016.0,79.0,0.0,1.0,4.6,11.1,114.33333587646484,2018
1845,14.2,24.9,8.0,1014.9,75.0,0.0,0.6,5.0,13.0,154.56521606445312,2018
1846,13.9,25.2,5.0,1014.7,70.0,0.0,1.9,0.4,3.5,184.875,2018
1850,12.5,18.9,8.8,1013.4,90.0,0.0,0.6,8.3,16.5,202.9583282470703,2018
1851,12.1,18.4,7.0,1014.1,89.0,0.0,0.5,4.4,9.4,308.875,2018
1852,13.0,20.2,8.0,1014.4,79.0,0.0,0.6,4.3,9.4,323.875,2018
1856,17.2,26.9,9.9,1014.3,69.0,0.0,1.4,13.0,25.9,209.6521759033203,2018
1857,18.7,27.2,11.0,1013.9,69.0,0.0,1.4,3.0,13.0,187.1666717529297,2018
1858,17.7,27.8,10.5,1012.7,69.0,0.0,1.6,3.7,14.8,187.7916717529297,2018
1859,16.0,26.5,9.3,1015.4,57.0,0.0,1.4,4.4,13.0,167.7916717529297,2018
1863,15.0,23.6,8.5,1014.6,55.0,0.0,1.4,7.4,22.2,126.0,2018
1864,13.9,24.1,5.5,1013.8,61.0,0.0,1.6,1.7,9.4,163.9166717529297,2018
1865,14.6,24.0,6.1,1014.4,59.0,0.0,1.3,2.2,7.6,152.875,2018
1869,16.4,23.4,9.0,1022.5,75.0,0.0,1.6,5.2,14.8,194.9166717529297,2018
1870,16.4,23.5,10.2,1021.6,63.0,0.0,1.8,11.1,25.9,130.66667175292972,2018
1871,17.5,23.4,11.6,1019.6,66.0,0.0,2.4,9.8,25.9,152.375,2018
1875,18.1,26.6,10.0,1013.9,60.0,0.0,1.6,3.3,18.3,172.0,2018
1876,19.0,28.2,10.1,1012.9,62.0,0.0,2.1,4.4,14.8,184.875,2018
1877,21.5,31.2,12.5,1010.5,59.0,0.0,1.8,1.5,5.4,152.6666717529297,2018
1881,22.5,31.6,17.0,1015.4,65.0,0.0,1.9,7.4,16.5,68.91666412353516,2018
1882,21.1,29.4,14.5,1012.8,64.0,0.0,2.6,11.3,25.9,123.125,2018
1883,22.3,29.8,15.4,1012.6,65.0,0.0,1.9,6.3,24.1,120.91666412353516,2018
1885,21.7,30.7,14.9,1010.8,62.0,0.0,1.6,1.7,7.6,119.41666412353516,2018
1886,22.9,31.0,15.5,1009.0,58.0,0.0,2.3,3.9,14.8,110.75,2018
1887,24.1,32.3,16.6,1006.9,53.0,0.0,2.1,2.0,9.4,94.29166412353516,2018
1891,21.8,29.4,14.7,1012.3,53.0,0.0,2.6,7.6,22.2,39.29166793823242,2018
1892,22.6,31.6,13.3,1013.2,57.0,0.0,2.3,3.1,14.8,44.91666793823242,2018
1893,23.4,32.2,14.8,1013.1,52.0,0.0,1.8,3.5,11.1,57.1363639831543,2018
1897,25.9,35.6,17.1,1008.9,45.0,0.0,2.3,2.8,11.1,163.0,2018
1898,24.8,36.2,17.0,1007.1,47.0,0.0,2.7,1.9,9.4,162.0833282470703,2018
1899,25.0,34.1,17.2,1007.8,51.0,0.0,2.6,11.3,27.8,63.45833206176758,2018
1903,24.6,34.4,15.0,1012.9,44.0,0.0,2.3,4.4,14.8,103.08333587646484,2018
1904,26.1,35.0,16.5,1009.2,45.0,0.0,2.6,2.2,5.4,208.8333282470703,2018
1905,26.1,35.0,21.0,1007.8,53.0,0.0,2.6,5.6,14.8,74.66666412353516,2018
1909,25.7,32.3,18.5,1013.6,49.0,0.0,1.9,8.7,22.2,140.84210205078125,2018
1910,26.3,33.6,19.5,1011.0,44.0,0.0,2.6,9.1,22.2,98.58333587646484,2018
1911,27.1,36.8,17.3,1007.9,38.0,0.0,3.2,4.6,14.8,60.41666793823242,2018
1915,26.9,36.2,20.0,1007.6,51.0,0.0,2.9,9.1,14.8,89.875,2018
1916,27.8,34.8,20.0,1008.6,52.0,0.0,2.7,6.1,11.1,71.95833587646484,2018
1917,27.6,36.2,20.8,1009.0,53.0,0.0,2.6,4.8,11.1,76.41666412353516,2018
1918,29.4,38.2,21.4,1007.2,49.0,0.0,2.6,2.6,5.4,113.375,2018
1922,27.9,36.6,19.0,1008.3,57.0,5.08,2.7,5.9,9.4,65.45833587646484,2018
1923,29.4,35.6,23.0,1008.8,51.0,0.0,2.3,9.1,18.3,77.75,2018
1924,25.2,36.3,20.2,1010.1,67.0,2.03,2.9,6.7,22.2,114.45833587646484,2018
1928,25.8,34.4,18.2,1008.3,38.0,0.0,2.3,3.0,14.8,97.875,2018
1929,28.1,36.0,18.2,1006.8,36.0,0.0,3.1,4.6,14.8,77.33333587646484,2018
1930,30.1,38.0,20.5,1006.0,39.0,0.0,2.7,3.1,11.1,48.33333206176758,2018
1934,31.1,39.0,23.0,1003.0,32.0,0.0,2.6,5.0,22.2,61.875,2018
1935,32.7,39.4,24.0,1002.6,26.0,0.0,1.9,12.4,33.5,82.125,2018
1936,29.2,39.5,24.0,1007.9,31.0,0.0,2.6,9.1,14.8,139.91667175292972,2018
1940,31.7,41.4,20.8,1002.3,26.0,0.0,2.6,5.6,18.3,105.75,2018
1941,33.2,41.6,25.5,1001.5,31.0,0.0,1.9,4.8,13.0,119.16666412353516,2018
1942,32.4,42.0,26.4,1004.7,48.0,0.0,3.1,7.0,9.4,121.45833587646484,2018
1946,31.7,40.0,26.5,1003.4,52.0,0.0,2.7,10.0,14.8,79.29166412353516,2018
1947,28.8,37.6,20.2,1004.7,59.0,12.95,1.6,13.7,31.3,81.875,2018
1948,29.6,34.2,25.0,1005.8,52.0,0.0,1.9,10.0,14.8,73.20833587646484,2018
1952,31.2,38.0,24.0,1003.2,40.0,0.0,1.9,11.7,37.0,117.375,2018
1953,29.1,39.6,24.6,1004.3,43.0,0.0,1.8,7.4,22.2,86.83333587646484,2018
1954,28.3,35.2,22.4,1006.1,57.0,0.0,1.9,3.3,11.1,88.625,2018
1958,29.9,42.2,24.4,1003.5,56.0,7.87,1.8,12.0,31.3,87.08333587646484,2018
1959,30.2,35.6,24.0,1004.6,53.0,0.0,2.6,6.7,9.4,107.91666412353516,2018
1960,32.2,37.4,26.4,1002.2,54.0,0.0,2.7,5.2,16.5,76.625,2018
1964,33.1,41.2,26.4,1001.7,40.0,0.0,1.9,4.4,14.8,86.91666412353516,2018
1965,33.2,41.4,27.0,1002.8,33.0,0.0,2.6,3.1,14.8,65.16666412353516,2018
1966,34.1,41.2,25.5,1002.9,26.0,0.0,2.7,5.9,16.5,44.29166793823242,2018
1970,34.5,43.0,23.8,1000.1,25.0,0.0,2.7,6.5,22.2,119.70833587646484,2018
1971,34.5,44.0,24.5,998.9,27.0,0.0,1.9,4.4,18.3,124.25,2018
1972,36.1,45.0,26.3,998.1,24.0,0.0,2.7,8.7,25.9,143.0416717529297,2018
1976,35.9,42.0,29.4,999.7,46.0,0.0,2.7,7.0,14.8,60.0,2018
1977,34.6,42.1,28.4,1000.7,50.0,0.0,2.6,12.8,33.5,87.08333587646484,2018
1978,32.3,42.0,26.6,1001.6,53.0,0.0,2.7,12.0,18.3,84.04166412353516,2018
1979,34.0,39.2,27.7,998.6,56.0,0.0,2.6,9.6,14.8,97.76190185546876,2018
1983,35.8,40.8,29.2,997.0,53.0,0.0,1.9,6.5,11.1,84.20833587646484,2018
1984,35.2,41.4,32.0,994.3,55.0,0.0,1.9,11.3,18.3,83.375,2018
1985,30.3,40.5,25.6,995.1,75.0,5.08,1.4,11.5,33.5,55.95833206176758,2018
1989,37.8,41.7,34.0,990.4,41.0,0.0,1.6,19.4,33.5,63.3636360168457,2018
1990,36.8,41.2,33.0,992.5,41.0,0.0,1.6,16.9,25.9,52.13043594360352,2018
1991,36.7,40.5,33.4,994.7,43.0,0.0,1.9,17.4,27.8,152.5625,2018
1995,34.2,39.4,26.5,998.2,49.0,0.0,2.6,5.9,16.5,73.0,2018
1996,35.2,40.2,29.8,998.9,55.0,0.0,2.6,1.9,5.4,58.625,2018
1997,36.2,41.9,30.9,998.2,50.0,0.0,1.9,3.5,11.1,61.5,2018
2001,36.6,42.2,32.6,993.8,42.0,0.0,2.1,11.3,31.7,71.29166412353516,2018
2002,32.4,42.7,30.7,995.5,59.0,0.0,1.9,5.4,11.1,74.375,2018
2003,30.3,37.5,26.2,997.8,76.0,3.05,1.9,10.2,18.3,197.84616088867188,2018
2007,32.6,36.2,29.0,997.2,68.0,0.0,1.9,11.9,22.2,104.5999984741211,2018
2008,31.2,37.4,24.4,995.6,66.0,22.1,2.9,12.0,24.1,148.05555725097656,2018
2009,32.1,37.8,23.6,995.7,70.0,0.0,2.3,6.3,13.0,121.2272720336914,2018
2013,33.7,37.8,28.2,997.0,59.0,0.0,1.9,3.1,14.8,65.19047546386719,2018
2014,35.2,39.4,28.5,995.6,55.0,0.0,3.1,3.3,7.6,73.54545593261719,2018
2015,33.4,40.1,30.8,996.1,71.0,0.0,1.9,9.4,14.8,151.6666717529297,2018
2019,29.3,37.8,26.2,996.9,85.0,54.1,1.9,3.7,9.4,249.6842041015625,2018
2020,30.3,34.2,25.4,996.2,82.0,0.0,1.9,3.7,11.1,275.57144165039057,2018
2021,31.8,35.2,27.6,996.2,77.0,0.0,1.9,5.6,11.1,30.39130401611328,2018
2025,32.8,37.3,28.8,996.9,73.0,0.0,2.6,5.2,11.1,198.1999969482422,2018
2026,29.2,37.8,26.0,996.8,87.0,23.88,1.9,1.9,5.4,350.4444580078125,2018
2027,29.2,33.4,27.0,997.3,89.0,7.11,1.9,2.8,7.6,107.75,2018
2031,29.5,36.7,28.0,997.3,84.0,1.02,1.9,3.9,9.4,42.54166793823242,2018
2032,26.9,32.2,25.8,997.6,95.0,5.08,1.9,6.5,11.1,35.79166793823242,2018
2033,26.7,28.7,25.2,996.7,95.0,45.97,1.9,3.1,13.0,43.45833206176758,2018
2037,30.0,34.5,27.2,997.0,76.0,0.0,1.9,8.3,14.8,33.70833206176758,2018
2038,31.5,35.0,26.0,997.0,71.0,0.51,2.7,5.0,14.8,31.875,2018
2039,32.1,35.6,28.2,998.3,67.0,0.0,2.3,13.0,22.2,69.79166412353516,2018
2040,31.5,35.8,28.2,998.6,68.0,0.0,2.3,11.7,22.2,62.91666793823242,2018
2044,28.2,31.8,26.4,999.2,89.0,2.03,1.9,2.6,7.6,47.45833206176758,2018
2045,30.4,33.4,26.5,999.9,83.0,4.06,1.9,4.6,9.4,48.91666793823242,2018
2046,32.0,35.4,27.6,1001.8,73.0,0.51,2.3,4.6,14.8,49.5,2018
2050,30.4,33.2,27.6,997.1,78.0,7.87,1.9,1.7,7.6,32.95833206176758,2018
2051,30.8,34.4,27.4,997.6,80.0,0.51,2.3,4.3,9.4,31.5,2018
2052,31.1,35.3,28.4,999.9,73.0,8.89,2.6,5.6,14.8,56.375,2018
2057,30.0,33.6,25.9,999.8,83.0,40.89,1.9,4.3,9.4,51.375,2018
2058,31.7,36.4,26.2,999.2,73.0,0.0,1.9,4.6,9.4,43.375,2018
2062,30.3,34.4,27.0,998.5,73.0,0.0,2.6,11.3,24.1,50.0,2018
2063,31.0,34.2,27.0,998.0,73.0,0.0,3.2,7.8,24.1,56.0625,2018
2064,29.6,34.9,26.5,999.8,83.0,2.03,2.6,2.6,9.4,60.0,2018
2068,30.9,35.1,28.0,1000.0,76.0,0.0,2.3,4.8,11.1,25.34782600402832,2018
2069,27.1,34.0,23.5,1002.6,93.0,24.89,1.8,4.8,16.5,25.29166603088379,2018
2070,26.7,29.4,25.0,1002.3,92.0,24.89,1.9,4.6,11.1,26.761905670166016,2018
2071,26.7,29.0,25.6,1002.4,95.0,36.07,1.6,0.4,3.5,47.04166793823242,2018
2075,28.3,34.6,24.6,1003.2,86.0,20.07,2.1,1.7,9.4,44.41666793823242,2018
2076,28.7,34.1,25.5,1003.5,83.0,2.03,2.6,9.3,22.2,66.45833587646484,2018
2077,28.6,33.6,25.0,1005.2,80.0,6.1,3.1,8.1,11.1,62.91666793823242,2018
2081,30.3,33.6,26.5,1003.3,67.0,0.0,2.6,13.0,18.3,57.20833206176758,2018
2082,29.5,34.4,22.2,1005.7,70.0,0.0,3.4,7.0,14.8,50.33333206176758,2018
2083,30.6,34.6,25.5,1007.3,60.0,0.0,4.0,8.1,13.0,50.41666793823242,2018
2088,30.0,35.4,24.0,1005.2,66.0,0.0,2.7,2.8,7.6,41.20833206176758,2018
2089,28.3,35.7,23.8,1008.0,75.0,0.0,2.6,9.1,14.8,44.21739196777344,2018
2090,25.8,34.0,22.2,1008.0,91.0,26.92,1.9,10.9,18.3,45.95833206176758,2018
2095,28.0,33.2,22.6,1007.8,75.0,0.0,2.7,2.4,7.6,49.5,2018
2096,29.3,35.4,23.2,1008.3,63.0,0.0,2.6,2.0,11.1,62.9375,2018
2097,28.9,35.5,23.4,1009.1,65.0,0.0,2.3,2.6,11.1,91.5,2018
2099,28.2,34.8,22.2,1008.4,66.0,0.0,2.7,2.6,9.4,51.79166793823242,2018
2100,28.7,35.2,22.5,1008.8,63.0,0.0,2.6,0.4,3.5,72.81818389892578,2018
2101,28.8,35.6,22.5,1008.5,59.0,0.0,2.6,0.4,3.5,119.875,2018
2105,26.4,34.6,20.2,1010.0,63.0,0.0,2.3,1.9,7.6,100.625,2018
2106,27.5,34.8,20.1,1008.1,63.0,0.0,1.9,2.0,9.4,151.0416717529297,2018
2107,27.8,35.3,22.4,1007.4,66.0,0.0,1.9,3.7,9.4,156.25,2018
2112,24.2,31.8,17.3,1011.6,58.0,0.0,2.6,5.4,14.8,252.0,2018
2113,25.7,32.5,17.0,1012.1,58.0,0.0,2.6,3.0,9.4,252.625,2018
2117,27.1,34.0,17.8,1011.0,54.0,0.0,2.3,2.8,9.4,207.0416717529297,2018
2118,26.0,33.8,17.4,1013.8,52.0,0.0,2.4,2.0,7.6,230.25,2018
2123,24.5,32.5,15.0,1014.8,58.0,0.0,2.4,2.0,7.6,206.75,2018
2124,24.2,32.4,15.8,1016.8,59.0,0.0,2.1,0.6,5.4,235.5833282470703,2018
2125,24.2,31.0,15.6,1016.7,62.0,0.0,1.9,2.4,9.4,199.875,2018
2129,24.1,31.0,16.0,1015.3,63.0,0.0,1.6,2.2,10.7,226.4583282470703,2018
2130,24.1,31.1,16.0,1014.3,65.0,0.0,1.6,5.0,14.4,222.125,2018
2131,24.6,32.0,16.0,1012.1,63.0,0.0,1.6,4.1,7.6,317.0,2018
2132,25.2,31.6,18.5,1011.7,63.0,0.25,1.9,9.4,14.8,268.8695678710937,2018
2136,20.3,28.0,12.5,1015.7,44.0,0.0,3.1,8.3,18.3,175.0416717529297,2018
2137,18.6,27.8,10.5,1014.7,58.0,0.0,1.4,1.1,3.5,189.6666717529297,2018
2142,21.9,30.2,14.2,1009.6,74.0,0.25,1.3,4.1,9.4,198.4583282470703,2018
2143,22.2,29.4,17.6,1011.4,77.0,7.11,2.3,5.4,14.8,156.7083282470703,2018
2144,22.2,28.5,16.2,1015.2,67.0,1.02,2.4,4.8,9.4,135.58332824707028,2018
2154,19.3,27.9,10.4,1016.4,59.0,0.0,2.9,2.0,9.4,146.6666717529297,2018
2155,19.8,27.2,10.5,1016.3,64.0,0.0,2.1,0.7,5.4,119.70833587646484,2018
2156,20.8,28.2,10.7,1018.0,65.0,0.0,1.9,0.9,5.4,110.875,2018
2161,19.6,28.0,9.0,1014.6,56.0,0.0,2.4,2.4,11.1,203.5833282470703,2018
2162,18.9,28.1,8.6,1016.7,58.0,0.0,1.9,3.5,9.4,60.20000076293945,2018
2166,17.5,25.1,8.8,1015.7,67.0,0.0,1.9,4.8,22.2,239.0416717529297,2018
2167,16.5,24.2,7.6,1016.3,70.0,0.0,1.8,2.8,11.1,349.2916564941406,2018
2168,17.4,25.0,8.2,1014.9,66.0,0.0,1.8,1.1,7.6,188.0416717529297,2018
2173,15.7,21.4,8.0,1022.8,74.0,0.0,1.9,5.9,14.8,258.15789794921875,2018
2174,15.3,22.0,8.2,1022.3,78.0,0.0,1.9,5.6,13.0,223.25,2018
2178,14.8,22.3,5.2,1018.9,67.0,0.0,2.1,4.6,11.1,334.875,2018
